Sample_ID,Plate_F,Plate_R,Row,Col,Reads,f_name,Strain,Timepoint,Condition,library
1,1,3,1,4,204428,demultiplex_CAAGTGTTC_CCATTAGTG_CAAGTGTTC_CATCAGGCT_R1.fastq.gz,PH3,S2,SC_complet,library1
5,1,3,1,8,372887,demultiplex_CAAGTGTTC_CCATTAGTG_CAAGTGTTC_AATTCCCGT_R1.fastq.gz,PH2,MTX2,DMSO_Sorb,library5
6,1,3,1,9,187808,demultiplex_CAAGTGTTC_CCATTAGTG_CAAGTGTTC_CTGGGCGCG_R1.fastq.gz,PS1,MTX2,DMSO,library6
7,1,3,1,10,164559,demultiplex_CAAGTGTTC_CCATTAGTG_CAAGTGTTC_CAAACTAGT_R1.fastq.gz,PS3,MTX2,MTX,library7
10,1,3,2,4,150709,demultiplex_CAAGTGTTC_CCATTAGTG_AGGACATTC_CATCAGGCT_R1.fastq.gz,PS1,S2,SC_complet,library10
14,1,3,2,8,244431,demultiplex_CAAGTGTTC_CCATTAGTG_AGGACATTC_AATTCCCGT_R1.fastq.gz,PH3,MTX2,DMSO_Sorb,library14
15,1,3,2,9,146858,demultiplex_CAAGTGTTC_CCATTAGTG_AGGACATTC_CTGGGCGCG_R1.fastq.gz,PS2,MTX2,DMSO,library15
16,1,3,2,10,178307,demultiplex_CAAGTGTTC_CCATTAGTG_AGGACATTC_CAAACTAGT_R1.fastq.gz,PS1,MTX2,MTX_Sorb,library16
19,1,3,3,4,142201,demultiplex_CAAGTGTTC_CCATTAGTG_CACTAATGG_CATCAGGCT_R1.fastq.gz,PS2,S2,SC_complet,library19
23,1,3,3,8,150010,demultiplex_CAAGTGTTC_CCATTAGTG_CACTAATGG_AATTCCCGT_R1.fastq.gz,PH1,MTX2,MTX,library23
24,1,3,3,9,114449,demultiplex_CAAGTGTTC_CCATTAGTG_CACTAATGG_CTGGGCGCG_R1.fastq.gz,PS3,MTX2,DMSO,library24
25,1,3,3,10,152855,demultiplex_CAAGTGTTC_CCATTAGTG_CACTAATGG_CAAACTAGT_R1.fastq.gz,PS2,MTX2,MTX_Sorb,library25
28,1,3,4,4,163783,demultiplex_CAAGTGTTC_CCATTAGTG_AGCCTGATG_CATCAGGCT_R1.fastq.gz,PS3,S2,SC_complet,library28
32,1,3,4,8,140525,demultiplex_CAAGTGTTC_CCATTAGTG_AGCCTGATG_AATTCCCGT_R1.fastq.gz,PH2,MTX2,MTX,library32
33,1,3,4,9,118121,demultiplex_CAAGTGTTC_CCATTAGTG_AGCCTGATG_CTGGGCGCG_R1.fastq.gz,PS1,MTX2,DMSO_Sorb,library33
34,1,3,4,10,150174,demultiplex_CAAGTGTTC_CCATTAGTG_AGCCTGATG_CAAACTAGT_R1.fastq.gz,PS3,MTX2,MTX_Sorb,library34
40,1,3,5,7,229835,demultiplex_CAAGTGTTC_CCATTAGTG_TTACGCTAA_TGCATCGAC_R1.fastq.gz,PH1,MTX2,DMSO,library40
41,1,3,5,8,159453,demultiplex_CAAGTGTTC_CCATTAGTG_TTACGCTAA_AATTCCCGT_R1.fastq.gz,PH3,MTX2,MTX,library41
42,1,3,5,9,158514,demultiplex_CAAGTGTTC_CCATTAGTG_TTACGCTAA_CTGGGCGCG_R1.fastq.gz,PS2,MTX2,DMSO_Sorb,library42
49,1,3,6,7,139621,demultiplex_CAAGTGTTC_CCATTAGTG_ACTCTCCGT_TGCATCGAC_R1.fastq.gz,PH2,MTX2,DMSO,library49
50,1,3,6,8,159203,demultiplex_CAAGTGTTC_CCATTAGTG_ACTCTCCGT_AATTCCCGT_R1.fastq.gz,PH1,MTX2,MTX_Sorb,library50
51,1,3,6,9,99648,demultiplex_CAAGTGTTC_CCATTAGTG_ACTCTCCGT_CTGGGCGCG_R1.fastq.gz,PS3,MTX2,DMSO_Sorb,library51
53,1,3,7,3,166678,demultiplex_CAAGTGTTC_CCATTAGTG_GTCGATGCA_CCATTAGTG_R1.fastq.gz,PH1,S2,SC_complet,library53
57,1,3,7,7,164493,demultiplex_CAAGTGTTC_CCATTAGTG_GTCGATGCA_TGCATCGAC_R1.fastq.gz,PH3,MTX2,DMSO,library57
58,1,3,7,8,143508,demultiplex_CAAGTGTTC_CCATTAGTG_GTCGATGCA_AATTCCCGT_R1.fastq.gz,PH2,MTX2,MTX_Sorb,library58
59,1,3,7,9,102326,demultiplex_CAAGTGTTC_CCATTAGTG_GTCGATGCA_CTGGGCGCG_R1.fastq.gz,PS1,MTX2,MTX,library59
61,1,3,8,3,161968,demultiplex_CAAGTGTTC_CCATTAGTG_ACGGGAATT_CCATTAGTG_R1.fastq.gz,PH2,S2,SC_complet,library61
65,1,3,8,7,145482,demultiplex_CAAGTGTTC_CCATTAGTG_ACGGGAATT_TGCATCGAC_R1.fastq.gz,PH1,MTX2,DMSO_Sorb,library65
66,1,3,8,8,128195,demultiplex_CAAGTGTTC_CCATTAGTG_ACGGGAATT_AATTCCCGT_R1.fastq.gz,PH3,MTX2,MTX_Sorb,library66
67,1,3,8,9,94398,demultiplex_CAAGTGTTC_CCATTAGTG_ACGGGAATT_CTGGGCGCG_R1.fastq.gz,PS2,MTX2,MTX,library67
