,1,2,3,4,5,6,7,8,9,10,11,12,13,14,15,16,17,18,19,20,21,22,23,24,25,26,27,28,29,30,31,32,33,34,35,36,37,38,39,40,41,42,43,44,45,46,47,48,49,50,51,52,53,54,55,56
AGT,,,,4.0,,,,,,,,,,,1.0,,73.0,,144.0,264.0,120.0,117.0,353.0,1.0,312.0,246.0,346.0,1.0,127.0,262.0,,,,,,,,,,,,1.0,,,,,,,,,4.0,,,,,
AGC,1.0,,,,,,,,,1.0,,,,,,,,,,1.0,,,1.0,,,,,,,,,,2.0,,,,,,,,,,,,,,,,,,,,,,,
AAT,,,,,,,,1.0,,2.0,,,,,4.0,187.0,1.0,76.0,82.0,353.0,109.0,,16.0,399.0,239.0,145.0,19.0,367.0,13.0,39.0,,,,,2.0,,,,,,7.0,,,,,,,,,,,,,1.0,2.0,
GAT,,2.0,,,,,1.0,,,,,,,,33.0,168.0,164.0,182.0,158.0,110.0,278.0,82.0,84.0,486.0,76.0,2.0,406.0,198.0,111.0,466.0,,,,,,1.0,,,,,,,,,,,,,,,,,,,,
CAA,,,,,,,,,,,,,,,2.0,1.0,,2.0,,,,,,,,,,,,,,,,,,,,,,,,,,,,,,,,,,,,,,
AAA,,,1.0,,,,,,,,,,,,,,,,,,,,1.0,1.0,,,,,,1.0,,,,,,,,2.0,4.0,,,,2.0,,,,,,,,,,,,,
CAT,,,1.0,,,,,,,,,,,,214.0,,188.0,3.0,354.0,122.0,,190.0,317.0,41.0,65.0,98.0,15.0,15.0,149.0,58.0,,,,,,,,,,,,,,,,,,,,,,,,,,
TAA,,,1.0,,,7.0,,,,,4.0,3.0,2.0,,,,,,,,,,,,,,,,,,,,,,,,1.0,1.0,,,,,,,,3.0,,,,,,,,,,
GGC,,,,56.0,,,2.0,,,,,,,,,,,,,,,,,,,,,,1.0,,,,,,,,,,,,,2.0,,,,,,,,,1.0,,,,,
AAC,,,,2.0,,,,2.0,,,,,,,,,,,,,,,1.0,,,,,,,,,,,,,,,,,,,,,,,,,,,,1.0,,,,,
CGC,,,,1.0,,,,,,,,,,,,,,,,,,,,,,,,,,,,,,,,,,,,,,,,,,,,,,,,,,,,
GAG,,,,,,,,,,,,,,,393.0,137.0,,2.0,339.0,175.0,175.0,307.0,2.0,228.0,325.0,121.0,234.0,,1.0,337.0,,,,,1.0,,,,,,,,,,,,,,,3.0,,,,1.0,,
GGG,,,,,1.0,,,,,,,,,,233.0,246.0,255.0,29.0,348.0,187.0,108.0,149.0,450.0,258.0,21.0,386.0,286.0,605.0,496.0,117.0,,1.0,,,,,,,,,,,,,1.0,,,,,,,,,,,
TTG,,,,,1.0,,,,,,,,,,299.0,98.0,2.0,11.0,157.0,720.0,65.0,67.0,478.0,252.0,,245.0,428.0,222.0,240.0,414.0,,,,,,1.0,,,,,,,,,1.0,,,,,,,,,,,
TAG,,,,,1.0,,,,,,,,,,17.0,6.0,,5.0,1.0,9.0,,5.0,14.0,16.0,16.0,5.0,8.0,16.0,19.0,10.0,,,,,,,,,,,,,,,,,,,,,,,,,,
GAA,,,,,1.0,1.0,,,,,,,,,2.0,,,,,,,,1.0,3.0,,,,,,1.0,1.0,1.0,,,,,,,,,,,,,,,,,,,,,,,,
GTG,,,,,1.0,,,,,,,,,,,156.0,22.0,387.0,3.0,181.0,73.0,390.0,371.0,9.0,314.0,123.0,5.0,367.0,94.0,318.0,,,,,,,,,,1.0,,,,,,,9.0,,,,,,,,,
CAG,,,,,,2.0,,,,,,1.0,,,,5.0,2.0,,,2.0,1.0,105.0,136.0,549.0,270.0,128.0,58.0,,150.0,176.0,,,,,,,,1.0,,,,,1.0,,,2.0,,,,,,,,,,
CGA,,,,,,1.0,,,,,,1.0,,,,,,,,,,,,,,,,,,1.0,,,,,,,,1.0,,,,,1.0,,,2.0,,,,,,,,,,
CCA,,,,,,1.0,,,,,,,,1.0,,,,,,,,,1.0,,,5.0,1.0,1.0,1.0,,1.0,,,,,,1.0,1.0,,,,,8.0,,,,,,,,,,,,,
GAC,,,,,,,,,2.0,,,,,,,,,,,1.0,1.0,,,,,,,,,,,,,,,,,,,,,,,1.0,,,,,,,,,,,1.0,
GCC,,,,,,,2.0,,,,,,,,,,,,,,,,,,,,,,,,1.0,,,,,,,,,,,,,1.0,,,,,,,,,,,,
CAC,,,,,,,1.0,,,,,,,,,,,,,,,,,,,,,,,,,,,,,,,,,,,,1.0,,,,,,,,,,,,,
AGA,,,,,,,,2.0,,,,,,,,,,,,,,,,,,,,,,2.0,,2.0,,,,,,,,,1.0,,,,,,,,,,4.0,,,,,
AAG,,,,,,,,2.0,,,,,,,79.0,2.0,46.0,,2.0,172.0,19.0,104.0,,156.0,412.0,,98.0,,4.0,109.0,,,,,,,,,,,,,,,,,,,,,,,,,,
ACA,,,,,,,,1.0,,,,,,,,,,,,,,,1.0,,,,,,,,,,,,,,,,,,,,,,,,,,,,,1.0,,,,
TGC,,,,,,,,,5.0,,,,,,,,,,,,,,,,,,,,,,,,,,,,,,,,,,,,,,,1.0,,,1.0,,,,,
GGT,,,,,,,,,1.0,3.0,,,,,113.0,,,55.0,1.0,256.0,22.0,265.0,271.0,348.0,218.0,318.0,397.0,7.0,273.0,,,,1.0,,,,,,,,,,,,,,,,,,,,,,,15.0
TGT,,,,,,,,,,1.0,,,,,54.0,206.0,1.0,29.0,2.0,170.0,302.0,132.0,322.0,17.0,2.0,1.0,100.0,153.0,105.0,2.0,,,1.0,,,,,,,,4.0,,,,,,,,,,,,,,,
TCA,,,,,,,,,,,,,,,,,,,,,,,,2.0,,,,,,3.0,,,,1.0,,,,,,,,,,,,,,1.0,1.0,,,,,,,
TCT,,,,,,,,,,,2.0,,,1.0,58.0,237.0,,196.0,34.0,104.0,,202.0,89.0,439.0,287.0,7.0,135.0,123.0,664.0,99.0,,,,,,,2.0,,,,,,,,,,,,1.0,,,,,,,
TCG,,,,,,,,,,,1.0,,,,1.0,140.0,183.0,163.0,,13.0,85.0,300.0,157.0,98.0,379.0,3.0,137.0,,72.0,504.0,,,,,,,,,,,,,,,,,,,,,,,,,,
TTA,,,,,,,,,,,,,2.0,,1.0,,,,,,,,,,4.0,,,,,7.0,,,,,,,1.0,,,,,,,,,,,,,,,,,,,
TCC,,,,,,,,,,,,,1.0,,,,,,,,,,,,,,,,5.0,,,,,,,,1.0,,,,,,,,,,,,,,,,,,,
CCT,,,,,,,,,,,,,,,30.0,263.0,200.0,,1.0,463.0,160.0,3.0,135.0,240.0,44.0,1.0,,13.0,386.0,,,,,,,,,,,,,,,,,,,,,,,,,,,
CTT,,,,,,,,,,,,,,5.0,220.0,3.0,161.0,1.0,,382.0,20.0,60.0,,277.0,2.0,3.0,166.0,,2.0,189.0,,,,,,1.0,,,,,,,,,,,,,,,,,,,,
TAT,,,,,,,,,,,,,,,302.0,131.0,2.0,109.0,350.0,74.0,78.0,59.0,69.0,151.0,2.0,137.0,298.0,332.0,319.0,187.0,,,,,,,,,,,,,,,,,,,,,,,,,,
GCT,,,,,,,,,,,,,,,310.0,,1.0,122.0,,29.0,198.0,401.0,136.0,415.0,448.0,140.0,211.0,159.0,190.0,1.0,1.0,,,,,,,,,,,,,,,,10.0,,,,,2.0,,,,
ATG,,,,,,,,,,,,,,,304.0,131.0,119.0,54.0,2.0,190.0,47.0,5.0,176.0,89.0,141.0,29.0,25.0,488.0,78.0,115.0,,,,,,,,,,,,,,,3.0,,,,,,,,,2.0,,
GTT,,,,,,,,,,,,,,,210.0,222.0,1.0,218.0,1.0,169.0,,410.0,594.0,309.0,60.0,25.0,73.0,3.0,131.0,2.0,,,,,,,,,,,,,,2.0,3.0,,,,,,,,,,,
TTT,,,,,,,,,,,,,,,201.0,1.0,3.0,148.0,326.0,477.0,235.0,74.0,185.0,,115.0,302.0,279.0,190.0,143.0,281.0,,,,,,1.0,,,,,,,,,,,,,,,,,2.0,,,6.0
CTG,,,,,,,,,,,,,,,84.0,20.0,173.0,175.0,,235.0,155.0,118.0,122.0,122.0,117.0,4.0,100.0,4.0,1.0,143.0,,,,,,,,,,,,,,,,,,,,,,,,,,
AGG,,,,,,,,,,,,,,,82.0,,76.0,114.0,204.0,251.0,6.0,20.0,373.0,240.0,163.0,67.0,87.0,4.0,105.0,342.0,,,,,,,,,,,,1.0,,,,,,,,,,,,3.0,,
GCG,,,,,,,,,,,,,,,58.0,6.0,2.0,195.0,,201.0,190.0,1.0,132.0,680.0,17.0,212.0,295.0,1.0,403.0,102.0,,,,,,,,,,,,,,,,,,,,,,,,,,
CGG,,,,,,,,,,,,,,,57.0,2.0,,185.0,174.0,325.0,4.0,39.0,19.0,284.0,175.0,147.0,1.0,616.0,172.0,326.0,,,,,,,,,,,,,,,,,,,,,,,,,,
ACT,,,,,,,,,,,,,,,47.0,149.0,4.0,3.0,2.0,265.0,3.0,293.0,70.0,3.0,,474.0,66.0,223.0,3.0,1.0,,,,,,,,,,,,,,,,,,,,,,,,,,
ATT,,,,,,,,,,,,,,,5.0,254.0,,185.0,166.0,,146.0,182.0,212.0,102.0,633.0,3.0,131.0,172.0,393.0,185.0,,,1.0,,,1.0,,,,7.0,1.0,1.0,,,,,,,,,,1.0,1.0,,,8.0
CCG,,,,,,,,,,,,,,,3.0,237.0,2.0,,2.0,327.0,2.0,53.0,120.0,331.0,222.0,,365.0,473.0,168.0,198.0,,,,,,,,,,,,,,,,,1.0,,,,,,,,,
GCA,,,,,,,,,,,,,,,2.0,,,,,,,,,2.0,,,,,2.0,1.0,,,,,,,1.0,,,,,,,,,,,,,,,,,,,
CGT,,,,,,,,,,,,,,,1.0,1.0,,,27.0,392.0,,333.0,414.0,46.0,169.0,1.0,1.0,145.0,319.0,408.0,,,,,,,,,,,,,,,,,,,,,,,,,,
GGA,,,,,,,,,,,,,,,1.0,,,,1.0,,,,,,,,,,,,,,,,,,,,2.0,,,,,,,,,,,,,,,,,
CTA,,,,,,,,,,,,,,,1.0,,,,,,,,,3.0,,,,,,3.0,,,,,,,,1.0,,,,,1.0,,,1.0,,,,,,,1.0,,,
TGG,,,,,,,,,,,,,,,,119.0,100.0,2.0,3.0,370.0,65.0,130.0,3.0,82.0,388.0,209.0,36.0,1.0,53.0,352.0,,,,,,,,,,,,,,,,,,,,,,,,,,
TGA,,,,,,,,,,,,,,,,1.0,,,,,,,1.0,,,,,,,,,2.0,,,,,,,,,,,,,,,,,,,,,,,,
ACG,,,,,,,,,,,,,,,,,151.0,105.0,2.0,2.0,1.0,104.0,547.0,292.0,70.0,90.0,91.0,231.0,3.0,20.0,,,,,,,,,,2.0,,,,,,,3.0,,,,,1.0,,1.0,,
ATC,,,,,,,,,,,,,,,,,1.0,,,,,,,,,,,,,,,,,,,,,,,,,47.0,,,,,,,,,5.0,,,,1.0,
ATA,,,,,,,,,,,,,,,,,1.0,1.0,,1.0,,,,1.0,,,,1.0,,9.0,,,,,,,,,,1.0,,,,,,,,,,,,,,,,
GTC,,,,,,,,,,,,,,,,,,1.0,,,1.0,,,,,,,,,,,,,,,,,,,,,,,,3.0,,,,,,,,,,,1.0
GTA,,,,,,,,,,,,,,,,,,,,,2.0,,,,,,,,,,1.0,,,,,,,,,,,,,2.0,7.0,,,,,,,,,,,
TTC,,,,,,,,,,,,,,,,,,,,,1.0,,,,,1.0,,,,,,,,,,,,,,,,,,4.0,,,,1.0,,,,,,,,
CCC,,,,,,,,,,,,,,,,,,,,,,,,1.0,,,2.0,,,,,,,,,,,,,,,,,,,,,,3.0,,,,,,,
CTC,,,,,,,,,,,,,,,,,,,,,,,,,,,,1.0,,,,,,,,,,,,,,,,,,,,,,,,,1.0,,,
ACC,,,,,,,,,,,,,,,,,,,,,,,,,,,,,2.0,,,,,,,,,,,,,1.0,,,,,,,1.0,,,,,,,
TAC,,,,,,,,,,,,,,,,,,,,,,,,,,,,,,,,,,,,,,,,,,,,,,,,,1.0,,,,,,,
