original_column,original_row,Gene,column,row,q,target
1,1,border,1,1,A,Sho1
1,2,border,1,3,A,Sho1
1,3,border,1,5,A,Sho1
1,4,border,1,7,A,Sho1
1,5,border,1,9,A,Sho1
1,6,border,1,11,A,Sho1
1,7,border,1,13,A,Sho1
1,8,border,1,15,A,Sho1
1,9,border,1,17,A,Sho1
1,10,border,1,19,A,Sho1
1,11,border,1,21,A,Sho1
1,12,border,1,23,A,Sho1
1,13,border,1,25,A,Sho1
1,14,border,1,27,A,Sho1
1,15,border,1,29,A,Sho1
1,16,border,1,31,A,Sho1
2,1,border,3,1,A,Sho1
2,2,YGL252C,3,3,A,Sho1
2,3,YBL071W-A,3,5,A,Sho1
2,4,YLR436C,3,7,A,Sho1
2,5,YNL238W,3,9,A,Sho1
2,6,YNL020C,3,11,A,Sho1
2,7,YNL106C,3,13,A,Sho1
2,8,YKL054C,3,15,A,Sho1
2,9,YJL020C,3,17,A,Sho1
2,10,YDR166C,3,19,A,Sho1
2,11,YFR024C-A,3,21,A,Sho1
2,12,YDR229W,3,23,A,Sho1
2,13,YDL146W,3,25,A,Sho1
2,14,YNL271C,3,27,A,Sho1
2,15,YCR009C,3,29,A,Sho1
2,16,border,3,31,A,Sho1
3,1,border,5,1,A,Sho1
3,2,YEL015W,5,3,A,Sho1
3,3,YNL307C,5,5,A,Sho1
3,4,YNL271C,5,7,A,Sho1
3,5,YOL100W,5,9,A,Sho1
3,6,YNR006W,5,11,A,Sho1
3,7,YNR006W,5,13,A,Sho1
3,8,YFR004W,5,15,A,Sho1
3,9,YCR002C,5,17,A,Sho1
3,10,YNL229C,5,19,A,Sho1
3,11,YDR379W,5,21,A,Sho1
3,12,YBL085W,5,23,A,Sho1
3,13,YFR040W,5,25,A,Sho1
3,14,YBL007C,5,27,A,Sho1
3,15,YLR337C,5,29,A,Sho1
3,16,border,5,31,A,Sho1
4,1,border,7,1,A,Sho1
4,2,YBL017C,7,3,A,Sho1
4,3,YIL062C,7,5,A,Sho1
4,4,YNL094W,7,7,A,Sho1
4,5,YBR023C,7,9,A,Sho1
4,6,YDL019C,7,11,A,Sho1
4,7,YNL020C,7,13,A,Sho1
4,8,YDL113C,7,15,A,Sho1
4,9,YNR006W,7,17,A,Sho1
4,10,YCR002C,7,19,A,Sho1
4,11,YDR170C,7,21,A,Sho1
4,12,YPR154W,7,23,A,Sho1
4,13,YDL125C,7,25,A,Sho1
4,14,YGR229C,7,27,A,Sho1
4,15,YJL201W,7,29,A,Sho1
4,16,border,7,31,A,Sho1
5,1,border,9,1,A,Sho1
5,2,YOR042W,9,3,A,Sho1
5,3,YAL041W,9,5,A,Sho1
5,4,YDR368W,9,7,A,Sho1
5,5,YPR108W,9,9,A,Sho1
5,6,YFR040W,9,11,A,Sho1
5,7,YNL238W,9,13,A,Sho1
5,8,YLR436C,9,15,A,Sho1
5,9,YJL155C,9,17,A,Sho1
5,10,YDR265W,9,19,A,Sho1
5,11,YNL307C,9,21,A,Sho1
5,12,YJL042W,9,23,A,Sho1
5,13,YIR003W,9,25,A,Sho1
5,14,YDR515W,9,27,A,Sho1
5,15,YOR181W,9,29,A,Sho1
5,16,border,9,31,A,Sho1
6,1,border,11,1,A,Sho1
6,2,YNL238W,11,3,A,Sho1
6,3,YJL201W,11,5,A,Sho1
6,4,YBR102C,11,7,A,Sho1
6,5,YDL146W,11,9,A,Sho1
6,6,YDR388W,11,11,A,Sho1
6,7,YNR006W,11,13,A,Sho1
6,8,YCL024W,11,15,A,Sho1
6,9,YCL034W,11,17,A,Sho1
6,10,YDR170C,11,19,A,Sho1
6,11,YBR234C,11,21,A,Sho1
6,12,YNL084C,11,23,A,Sho1
6,13,YNL094W,11,25,A,Sho1
6,14,YPR184W,11,27,A,Sho1
6,15,YPR154W,11,29,A,Sho1
6,16,border,11,31,A,Sho1
7,1,border,13,1,A,Sho1
7,2,YKL129C,13,3,A,Sho1
7,3,YDR229W,13,5,A,Sho1
7,4,YIR006C,13,7,A,Sho1
7,5,YPR184W,13,9,A,Sho1
7,6,YLR436C,13,11,A,Sho1
7,7,YDR379W,13,13,A,Sho1
7,8,YPL246C,13,15,A,Sho1
7,9,YDR170C,13,17,A,Sho1
7,10,YGL099W,13,19,A,Sho1
7,11,YMR080C,13,21,A,Sho1
7,12,YBR200W,13,23,A,Sho1
7,13,YCL034W,13,25,A,Sho1
7,14,YDL125C,13,27,A,Sho1
7,15,YNR007C,13,29,A,Sho1
7,16,border,13,31,A,Sho1
8,1,border,15,1,A,Sho1
8,2,YER155C,15,3,A,Sho1
8,3,YLR314C,15,5,A,Sho1
8,4,YBR053C,15,7,A,Sho1
8,5,YER149C,15,9,A,Sho1
8,6,YPR108W,15,11,A,Sho1
8,7,YIL062C,15,13,A,Sho1
8,8,YDL225W,15,15,A,Sho1
8,9,YBL085W,15,17,A,Sho1
8,10,YKL051W,15,19,A,Sho1
8,11,YOR039W,15,21,A,Sho1
8,12,YLR191W,15,23,A,Sho1
8,13,YKL013C,15,25,A,Sho1
8,14,YDR229W,15,27,A,Sho1
8,15,YLR370C,15,29,A,Sho1
8,16,border,15,31,A,Sho1
9,1,border,17,1,A,Sho1
9,2,YLR144C,17,3,A,Sho1
9,3,YLR119W,17,5,A,Sho1
9,4,YDL229W,17,7,A,Sho1
9,5,YPR055W,17,9,A,Sho1
9,6,YGR250C,17,11,A,Sho1
9,7,YML035C,17,13,A,Sho1
9,8,YDL225W,17,15,A,Sho1
9,9,YKL054C,17,17,A,Sho1
9,10,YKL054C,17,19,A,Sho1
9,11,YLR206W,17,21,A,Sho1
9,12,YGL099W,17,23,A,Sho1
9,13,YCR009C,17,25,A,Sho1
9,14,YIL095W,17,27,A,Sho1
9,15,YOR039W,17,29,A,Sho1
9,16,border,17,31,A,Sho1
10,1,border,19,1,A,Sho1
10,2,YKL013C,19,3,A,Sho1
10,3,YDL229W,19,5,A,Sho1
10,4,YNL238W,19,7,A,Sho1
10,5,YCL034W,19,9,A,Sho1
10,6,YMR139W,19,11,A,Sho1
10,7,YCR088W,19,13,A,Sho1
10,8,YNL243W,19,15,A,Sho1
10,9,YOR081C,19,17,A,Sho1
10,10,YDR265W,19,19,A,Sho1
10,11,YLR025W,19,21,A,Sho1
10,12,YOR042W,19,23,A,Sho1
10,13,YAL005C,19,25,A,Sho1
10,14,YFR004W,19,27,A,Sho1
10,15,YDL226C,19,29,A,Sho1
10,16,border,19,31,A,Sho1
11,1,border,21,1,A,Sho1
11,2,YCR009C,21,3,A,Sho1
11,3,YER166W,21,5,A,Sho1
11,4,YOL100W,21,7,A,Sho1
11,5,YLL048C,21,9,A,Sho1
11,6,YLR206W,21,11,A,Sho1
11,7,YNR007C,21,13,A,Sho1
11,8,YDR166C,21,15,A,Sho1
11,9,YJL095W,21,17,A,Sho1
11,10,YKL051W,21,19,A,Sho1
11,11,YOR284W,21,21,A,Sho1
11,12,YBL071W-A,21,23,A,Sho1
11,13,YJL095W,21,25,A,Sho1
11,14,YCR002C,21,27,A,Sho1
11,15,YJR083C,21,29,A,Sho1
11,16,border,21,31,A,Sho1
12,1,border,23,1,A,Sho1
12,2,YMR139W,23,3,A,Sho1
12,3,YAR014C,23,5,A,Sho1
12,4,YML131W,23,7,A,Sho1
12,5,YDL146W,23,9,A,Sho1
12,6,YDL146W,23,11,A,Sho1
12,7,YGL060W,23,13,A,Sho1
12,8,YLR166C,23,15,A,Sho1
12,9,YGR037C,23,17,A,Sho1
12,10,YGL252C,23,19,A,Sho1
12,11,YBR102C,23,21,A,Sho1
12,12,YDR368W,23,23,A,Sho1
12,13,YLR436C,23,25,A,Sho1
12,14,YPL249C,23,27,A,Sho1
12,15,YKR082W,23,29,A,Sho1
12,16,border,23,31,A,Sho1
13,1,border,25,1,A,Sho1
13,2,YBR177C,25,3,A,Sho1
13,3,YHL002W,25,5,A,Sho1
13,4,YDL160C,25,7,A,Sho1
13,5,YBR053C,25,9,A,Sho1
13,6,YMR026C,25,11,A,Sho1
13,7,YBR023C,25,13,A,Sho1
13,8,YBR109C,25,15,A,Sho1
13,9,YDR265W,25,17,A,Sho1
13,10,YDL113C,25,19,A,Sho1
13,11,YMR026C,25,21,A,Sho1
13,12,YDR379W,25,23,A,Sho1
13,13,YPR184W,25,25,A,Sho1
13,14,YOR204W,25,27,A,Sho1
13,15,YJL095W,25,29,A,Sho1
13,16,border,25,31,A,Sho1
14,1,border,27,1,A,Sho1
14,2,YJL151C,27,3,A,Sho1
14,3,YGR178C,27,5,A,Sho1
14,4,YLL040C,27,7,A,Sho1
14,5,YGL206C,27,9,A,Sho1
14,6,YNL084C,27,11,A,Sho1
14,7,YHL002W,27,13,A,Sho1
14,8,YPL115C,27,15,A,Sho1
14,9,YDR329C,27,17,A,Sho1
14,10,YCR030C,27,19,A,Sho1
14,11,YDR379W,27,21,A,Sho1
14,12,YNL307C,27,23,A,Sho1
14,13,YNL098C,27,25,A,Sho1
14,14,YLL039C,27,27,A,Sho1
14,15,YBL039C,27,29,A,Sho1
14,16,border,27,31,A,Sho1
15,1,border,29,1,A,Sho1
15,2,YDR368W,29,3,A,Sho1
15,3,YLR119W,29,5,A,Sho1
15,4,YNL138W,29,7,A,Sho1
15,5,YHL002W,29,9,A,Sho1
15,6,YDR166C,29,11,A,Sho1
15,7,YLR324W,29,13,A,Sho1
15,8,YFR024C-A,29,15,A,Sho1
15,9,YGL242C,29,17,A,Sho1
15,10,YLL040C,29,19,A,Sho1
15,11,YKL054C,29,21,A,Sho1
15,12,YOR284W,29,23,A,Sho1
15,13,YER166W,29,25,A,Sho1
15,14,YDR329C,29,27,A,Sho1
15,15,YOR204W,29,29,A,Sho1
15,16,border,29,31,A,Sho1
16,1,border,31,1,A,Sho1
16,2,YJL042W,31,3,A,Sho1
16,3,YFR024C-A,31,5,A,Sho1
16,4,YMR109W,31,7,A,Sho1
16,5,YOL147C,31,9,A,Sho1
16,6,YLR324W,31,11,A,Sho1
16,7,YLR206W,31,13,A,Sho1
16,8,YLR144C,31,15,A,Sho1
16,9,YAR042W,31,17,A,Sho1
16,10,YNL287W,31,19,A,Sho1
16,11,YCR009C,31,21,A,Sho1
16,12,YNL106C,31,23,A,Sho1
16,13,YJL128C,31,25,A,Sho1
16,14,YGL060W,31,27,A,Sho1
16,15,YGR281W,31,29,A,Sho1
16,16,border,31,31,A,Sho1
17,1,border,33,1,A,Sho1
17,2,YNL298W,33,3,A,Sho1
17,3,YLR025W,33,5,A,Sho1
17,4,YOR042W,33,7,A,Sho1
17,5,YFR004W,33,9,A,Sho1
17,6,YGR229C,33,11,A,Sho1
17,7,YMR192W,33,13,A,Sho1
17,8,YOR229W,33,15,A,Sho1
17,9,YHR114W,33,17,A,Sho1
17,10,YLR332W,33,19,A,Sho1
17,11,YJL201W,33,21,A,Sho1
17,12,YHR064C,33,23,A,Sho1
17,13,YNL287W,33,25,A,Sho1
17,14,YOR035C,33,27,A,Sho1
17,15,YJL155C,33,29,A,Sho1
17,16,border,33,31,A,Sho1
18,1,border,35,1,A,Sho1
18,2,YMR216C,35,3,A,Sho1
18,3,YLR436C,35,5,A,Sho1
18,4,YIL033C,35,7,A,Sho1
18,5,YLR332W,35,9,A,Sho1
18,6,YIR006C,35,11,A,Sho1
18,7,YNL298W,35,13,A,Sho1
18,8,YOR204W,35,15,A,Sho1
18,9,YBL039C,35,17,A,Sho1
18,10,YFR040W,35,19,A,Sho1
18,11,YOR284W,35,21,A,Sho1
18,12,YLR332W,35,23,A,Sho1
18,13,YNL243W,35,25,A,Sho1
18,14,YJR083C,35,27,A,Sho1
18,15,YOL147C,35,29,A,Sho1
18,16,border,35,31,A,Sho1
19,1,border,37,1,A,Sho1
19,2,YNL271C,37,3,A,Sho1
19,3,YKR001C,37,5,A,Sho1
19,4,YER114C,37,7,A,Sho1
19,5,YBL071W-A,37,9,A,Sho1
19,6,YLR191W,37,11,A,Sho1
19,7,YML035C,37,13,A,Sho1
19,8,YLL048C,37,15,A,Sho1
19,9,YDL160C,37,17,A,Sho1
19,10,YKR048C,37,19,A,Sho1
19,11,YLR119W,37,21,A,Sho1
19,12,YCL034W,37,23,A,Sho1
19,13,YMR080C,37,25,A,Sho1
19,14,YGR229C,37,27,A,Sho1
19,15,YAR042W,37,29,A,Sho1
19,16,border,37,31,A,Sho1
20,1,border,39,1,A,Sho1
20,2,YLR258W,39,3,A,Sho1
20,3,YDL199C,39,5,A,Sho1
20,4,YLR370C,39,7,A,Sho1
20,5,YGL252C,39,9,A,Sho1
20,6,YIL033C,39,11,A,Sho1
20,7,YKR048C,39,13,A,Sho1
20,8,YDR507C,39,15,A,Sho1
20,9,YOR229W,39,17,A,Sho1
20,10,YPL246C,39,19,A,Sho1
20,11,YHR158C,39,21,A,Sho1
20,12,YKL117W,39,23,A,Sho1
20,13,YKR001C,39,25,A,Sho1
20,14,YOR035C,39,27,A,Sho1
20,15,YKL129C,39,29,A,Sho1
20,16,border,39,31,A,Sho1
21,1,border,41,1,A,Sho1
21,2,YGL099W,41,3,A,Sho1
21,3,YBL071W-A,41,5,A,Sho1
21,4,YNL138W,41,7,A,Sho1
21,5,YGR178C,41,9,A,Sho1
21,6,YPR055W,41,11,A,Sho1
21,7,YPR154W,41,13,A,Sho1
21,8,YLL048C,41,15,A,Sho1
21,9,YIL095W,41,17,A,Sho1
21,10,YHR158C,41,19,A,Sho1
21,11,YDR129C,41,21,A,Sho1
21,12,YER149C,41,23,A,Sho1
21,13,YLR119W,41,25,A,Sho1
21,14,YMR026C,41,27,A,Sho1
21,15,YBL085W,41,29,A,Sho1
21,16,border,41,31,A,Sho1
22,1,border,43,1,A,Sho1
22,2,YMR192W,43,3,A,Sho1
22,3,YGL060W,43,5,A,Sho1
22,4,YDL065C,43,7,A,Sho1
22,5,YCR088W,43,9,A,Sho1
22,6,YEL015W,43,11,A,Sho1
22,7,YNL094W,43,13,A,Sho1
22,8,YGL206C,43,15,A,Sho1
22,9,YAL041W,43,17,A,Sho1
22,10,YCR002C,43,19,A,Sho1
22,11,YJL201W,43,21,A,Sho1
22,12,YJR076C,43,23,A,Sho1
22,13,YDL146W,43,25,A,Sho1
22,14,YLL048C,43,27,A,Sho1
22,15,YBR200W,43,29,A,Sho1
22,16,border,43,31,A,Sho1
23,1,border,45,1,A,Sho1
23,2,YMR139W,45,3,A,Sho1
23,3,YHR158C,45,5,A,Sho1
23,4,YGR210C,45,7,A,Sho1
23,5,YDR329C,45,9,A,Sho1
23,6,YGL153W,45,11,A,Sho1
23,7,YLR206W,45,13,A,Sho1
23,8,YMR109W,45,15,A,Sho1
23,9,YML016C,45,17,A,Sho1
23,10,YLR166C,45,19,A,Sho1
23,11,YJL155C,45,21,A,Sho1
23,12,YHR158C,45,23,A,Sho1
23,13,YJL128C,45,25,A,Sho1
23,14,YGL242C,45,27,A,Sho1
23,15,YNL098C,45,29,A,Sho1
23,16,border,45,31,A,Sho1
24,1,border,47,1,A,Sho1
24,2,border,47,3,A,Sho1
24,3,border,47,5,A,Sho1
24,4,border,47,7,A,Sho1
24,5,border,47,9,A,Sho1
24,6,border,47,11,A,Sho1
24,7,border,47,13,A,Sho1
24,8,border,47,15,A,Sho1
24,9,border,47,17,A,Sho1
24,10,border,47,19,A,Sho1
24,11,border,47,21,A,Sho1
24,12,border,47,23,A,Sho1
24,13,border,47,25,A,Sho1
24,14,border,47,27,A,Sho1
24,15,border,47,29,A,Sho1
24,16,border,47,31,A,Sho1
1,1,border,2,1,B,Sho1
1,2,border,2,3,B,Sho1
1,3,border,2,5,B,Sho1
1,4,border,2,7,B,Sho1
1,5,border,2,9,B,Sho1
1,6,border,2,11,B,Sho1
1,7,border,2,13,B,Sho1
1,8,border,2,15,B,Sho1
1,9,border,2,17,B,Sho1
1,10,border,2,19,B,Sho1
1,11,border,2,21,B,Sho1
1,12,border,2,23,B,Sho1
1,13,border,2,25,B,Sho1
1,14,border,2,27,B,Sho1
1,15,border,2,29,B,Sho1
1,16,border,2,31,B,Sho1
2,1,border,4,1,B,Sho1
2,2,YDL229W,4,3,B,Sho1
2,3,YBR102C,4,5,B,Sho1
2,4,YLL039C,4,7,B,Sho1
2,5,YBL071W-A,4,9,B,Sho1
2,6,YNL098C,4,11,B,Sho1
2,7,YNR006W,4,13,B,Sho1
2,8,YBL071W-A,4,15,B,Sho1
2,9,YLR196W,4,17,B,Sho1
2,10,YJL201W,4,19,B,Sho1
2,11,YER114C,4,21,B,Sho1
2,12,YGR178C,4,23,B,Sho1
2,13,YHR064C,4,25,B,Sho1
2,14,YDL226C,4,27,B,Sho1
2,15,YDL225W,4,29,B,Sho1
2,16,border,4,31,B,Sho1
3,1,border,6,1,B,Sho1
3,2,YLR191W,6,3,B,Sho1
3,3,YER114C,6,5,B,Sho1
3,4,YIL095W,6,7,B,Sho1
3,5,YOR204W,6,9,B,Sho1
3,6,YNL229C,6,11,B,Sho1
3,7,YOL147C,6,13,B,Sho1
3,8,YLR332W,6,15,B,Sho1
3,9,YLR196W,6,17,B,Sho1
3,10,YDR507C,6,19,B,Sho1
3,11,YGR037C,6,21,B,Sho1
3,12,YDR170C,6,23,B,Sho1
3,13,YMR216C,6,25,B,Sho1
3,14,YNL298W,6,27,B,Sho1
3,15,YBR109C,6,29,B,Sho1
3,16,border,6,31,B,Sho1
4,1,border,8,1,B,Sho1
4,2,YJL164C,8,3,B,Sho1
4,3,YER008C,8,5,B,Sho1
4,4,YBR234C,8,7,B,Sho1
4,5,YER166W,8,9,B,Sho1
4,6,YGL060W,8,11,B,Sho1
4,7,YBL007C,8,13,B,Sho1
4,8,YER155C,8,15,B,Sho1
4,9,YLR330W,8,17,B,Sho1
4,10,YAL041W,8,19,B,Sho1
4,11,YHR016C,8,21,B,Sho1
4,12,YLR324W,8,23,B,Sho1
4,13,YLR191W,8,25,B,Sho1
4,14,YOL100W,8,27,B,Sho1
4,15,YKR082W,8,29,B,Sho1
4,16,border,8,31,B,Sho1
5,1,border,10,1,B,Sho1
5,2,YJL151C,10,3,B,Sho1
5,3,YNL298W,10,5,B,Sho1
5,4,YHR064C,10,7,B,Sho1
5,5,YGL206C,10,9,B,Sho1
5,6,YAL005C,10,11,B,Sho1
5,7,YNL229C,10,13,B,Sho1
5,8,YBL085W,10,15,B,Sho1
5,9,YER008C,10,17,B,Sho1
5,10,YGL206C,10,19,B,Sho1
5,11,YBR102C,10,21,B,Sho1
5,12,YCR009C,10,23,B,Sho1
5,13,YKL051W,10,25,B,Sho1
5,14,YJL020C,10,27,B,Sho1
5,15,YDL113C,10,29,B,Sho1
5,16,border,10,31,B,Sho1
6,1,border,12,1,B,Sho1
6,2,YHR064C,12,3,B,Sho1
6,3,YHR016C,12,5,B,Sho1
6,4,YOR204W,12,7,B,Sho1
6,5,YIL062C,12,9,B,Sho1
6,6,YOR039W,12,11,B,Sho1
6,7,YJL042W,12,13,B,Sho1
6,8,YNL287W,12,15,B,Sho1
6,9,YBR053C,12,17,B,Sho1
6,10,YER155C,12,19,B,Sho1
6,11,YGL099W,12,21,B,Sho1
6,12,YKL051W,12,23,B,Sho1
6,13,YLR337C,12,25,B,Sho1
6,14,YDR329C,12,27,B,Sho1
6,15,YCR030C,12,29,B,Sho1
6,16,border,12,31,B,Sho1
7,1,border,14,1,B,Sho1
7,2,YNR007C,14,3,B,Sho1
7,3,YDL146W,14,5,B,Sho1
7,4,YMR109W,14,7,B,Sho1
7,5,YDR129C,14,9,B,Sho1
7,6,YBR109C,14,11,B,Sho1
7,7,YPR055W,14,13,B,Sho1
7,8,YDL019C,14,15,B,Sho1
7,9,YHR158C,14,17,B,Sho1
7,10,YML035C,14,19,B,Sho1
7,11,YBL085W,14,21,B,Sho1
7,12,YLR330W,14,23,B,Sho1
7,13,YER155C,14,25,B,Sho1
7,14,YLR314C,14,27,B,Sho1
7,15,YOR181W,14,29,B,Sho1
7,16,border,14,31,B,Sho1
8,1,border,16,1,B,Sho1
8,2,YDL225W,16,3,B,Sho1
8,3,YIR003W,16,5,B,Sho1
8,4,YAR014C,16,7,B,Sho1
8,5,YNL084C,16,9,B,Sho1
8,6,YBL071W-A,16,11,B,Sho1
8,7,YER149C,16,13,B,Sho1
8,8,YNL020C,16,15,B,Sho1
8,9,YDL019C,16,17,B,Sho1
8,10,YGR037C,16,19,B,Sho1
8,11,YJL155C,16,21,B,Sho1
8,12,YDL065C,16,23,B,Sho1
8,13,YFL010C,16,25,B,Sho1
8,14,YBR130C,16,27,B,Sho1
8,15,YBR130C,16,29,B,Sho1
8,16,border,16,31,B,Sho1
9,1,border,18,1,B,Sho1
9,2,YDL226C,18,3,B,Sho1
9,3,YLL040C,18,5,B,Sho1
9,4,YMR080C,18,7,B,Sho1
9,5,YNL307C,18,9,B,Sho1
9,6,YLR206W,18,11,B,Sho1
9,7,YER114C,18,13,B,Sho1
9,8,YPR055W,18,15,B,Sho1
9,9,YBR023C,18,17,B,Sho1
9,10,YMR216C,18,19,B,Sho1
9,11,YGL060W,18,21,B,Sho1
9,12,YLR337C,18,23,B,Sho1
9,13,YNL238W,18,25,B,Sho1
9,14,YLR314C,18,27,B,Sho1
9,15,YAL005C,18,29,B,Sho1
9,16,border,18,31,B,Sho1
10,1,border,20,1,B,Sho1
10,2,YGR210C,20,3,B,Sho1
10,3,YIR006C,20,5,B,Sho1
10,4,YLR314C,20,7,B,Sho1
10,5,YFR040W,20,9,B,Sho1
10,6,YLR330W,20,11,B,Sho1
10,7,YIR003W,20,13,B,Sho1
10,8,YDL019C,20,15,B,Sho1
10,9,YGR281W,20,17,B,Sho1
10,10,YPL246C,20,19,B,Sho1
10,11,YGR281W,20,21,B,Sho1
10,12,YGR281W,20,23,B,Sho1
10,13,YDL160C,20,25,B,Sho1
10,14,YNL255C,20,27,B,Sho1
10,15,YKL129C,20,29,B,Sho1
10,16,border,20,31,B,Sho1
11,1,border,22,1,B,Sho1
11,2,YKR001C,22,3,B,Sho1
11,3,YGL197W,22,5,B,Sho1
11,4,YBL017C,22,7,B,Sho1
11,5,YFL010C,22,9,B,Sho1
11,6,YJR083C,22,11,B,Sho1
11,7,YJL020C,22,13,B,Sho1
11,8,YDL225W,22,15,B,Sho1
11,9,YJL164C,22,17,B,Sho1
11,10,YAR042W,22,19,B,Sho1
11,11,YIR006C,22,21,B,Sho1
11,12,YGL252C,22,23,B,Sho1
11,13,YLL040C,22,25,B,Sho1
11,14,YMR192W,22,27,B,Sho1
11,15,YOR042W,22,29,B,Sho1
11,16,border,22,31,B,Sho1
12,1,border,24,1,B,Sho1
12,2,YLR025W,24,3,B,Sho1
12,3,YLR258W,24,5,B,Sho1
12,4,YBR177C,24,7,B,Sho1
12,5,YPR154W,24,9,B,Sho1
12,6,YBR234C,24,11,B,Sho1
12,7,YJL210W,24,13,B,Sho1
12,8,YFL010C,24,15,B,Sho1
12,9,YOR035C,24,17,B,Sho1
12,10,YBR130C,24,19,B,Sho1
12,11,YDR388W,24,21,B,Sho1
12,12,YHR114W,24,23,B,Sho1
12,13,YMR216C,24,25,B,Sho1
12,14,YBR053C,24,27,B,Sho1
12,15,YIR006C,24,29,B,Sho1
12,16,border,24,31,B,Sho1
13,1,border,26,1,B,Sho1
13,2,YJL164C,26,3,B,Sho1
13,3,YKL013C,26,5,B,Sho1
13,4,YOR035C,26,7,B,Sho1
13,5,YLR144C,26,9,B,Sho1
13,6,YBL007C,26,11,B,Sho1
13,7,YDR265W,26,13,B,Sho1
13,8,YML035C,26,15,B,Sho1
13,9,YGL242C,26,17,B,Sho1
13,10,YGL197W,26,19,B,Sho1
13,11,YOR229W,26,21,B,Sho1
13,12,YFL010C,26,23,B,Sho1
13,13,YMR026C,26,25,B,Sho1
13,14,YLR166C,26,27,B,Sho1
13,15,YIR006C,26,29,B,Sho1
13,16,border,26,31,B,Sho1
14,1,border,28,1,B,Sho1
14,2,YJL210W,28,3,B,Sho1
14,3,YER149C,28,5,B,Sho1
14,4,YGL099W,28,7,B,Sho1
14,5,YKL117W,28,9,B,Sho1
14,6,YBL017C,28,11,B,Sho1
14,7,YER118C,28,13,B,Sho1
14,8,YGR250C,28,15,B,Sho1
14,9,YGR238C,28,17,B,Sho1
14,10,YLR436C,28,19,B,Sho1
14,11,YLR324W,28,21,B,Sho1
14,12,YKL054C,28,23,B,Sho1
14,13,YLR166C,28,25,B,Sho1
14,14,YBR177C,28,27,B,Sho1
14,15,YGR229C,28,29,B,Sho1
14,16,border,28,31,B,Sho1
15,1,border,30,1,B,Sho1
15,2,YLL048C,30,3,B,Sho1
15,3,YGR037C,30,5,B,Sho1
15,4,YGR037C,30,7,B,Sho1
15,5,YKL013C,30,9,B,Sho1
15,6,YLR119W,30,11,B,Sho1
15,7,YDL226C,30,13,B,Sho1
15,8,YLR330W,30,15,B,Sho1
15,9,YDL065C,30,17,B,Sho1
15,10,YIL033C,30,19,B,Sho1
15,11,YDL199C,30,21,B,Sho1
15,12,YNR007C,30,23,B,Sho1
15,13,YKR048C,30,25,B,Sho1
15,14,YJL210W,30,27,B,Sho1
15,15,YNL243W,30,29,B,Sho1
15,16,border,30,31,B,Sho1
16,1,border,32,1,B,Sho1
16,2,YBR130C,32,3,B,Sho1
16,3,YGR238C,32,5,B,Sho1
16,4,YAR042W,32,7,B,Sho1
16,5,YNL307C,32,9,B,Sho1
16,6,YCR002C,32,11,B,Sho1
16,7,YER114C,32,13,B,Sho1
16,8,YFR040W,32,15,B,Sho1
16,9,YJR083C,32,17,B,Sho1
16,10,YKL051W,32,19,B,Sho1
16,11,YHR114W,32,21,B,Sho1
16,12,YBL007C,32,23,B,Sho1
16,13,YJL095W,32,25,B,Sho1
16,14,YAR014C,32,27,B,Sho1
16,15,YNL243W,32,29,B,Sho1
16,16,border,32,31,B,Sho1
17,1,border,34,1,B,Sho1
17,2,YNR007C,34,3,B,Sho1
17,3,YGR281W,34,5,B,Sho1
17,4,YJL020C,34,7,B,Sho1
17,5,YOR035C,34,9,B,Sho1
17,6,YJL164C,34,11,B,Sho1
17,7,YNL084C,34,13,B,Sho1
17,8,YDR166C,34,15,B,Sho1
17,9,YFL010C,34,17,B,Sho1
17,10,YJL042W,34,19,B,Sho1
17,11,YJR076C,34,21,B,Sho1
17,12,YGL242C,34,23,B,Sho1
17,13,YDR507C,34,25,B,Sho1
17,14,YBR177C,34,27,B,Sho1
17,15,YOR081C,34,29,B,Sho1
17,16,border,34,31,B,Sho1
18,1,border,36,1,B,Sho1
18,2,YFR004W,36,3,B,Sho1
18,3,YMR080C,36,5,B,Sho1
18,4,YER166W,36,7,B,Sho1
18,5,YAR014C,36,9,B,Sho1
18,6,YBR023C,36,11,B,Sho1
18,7,YFR004W,36,13,B,Sho1
18,8,YFL010C,36,15,B,Sho1
18,9,YDL225W,36,17,B,Sho1
18,10,YBR130C,36,19,B,Sho1
18,11,YNL287W,36,21,B,Sho1
18,12,YIL033C,36,23,B,Sho1
18,13,YDR507C,36,25,B,Sho1
18,14,YAL005C,36,27,B,Sho1
18,15,YER118C,36,29,B,Sho1
18,16,border,36,31,B,Sho1
19,1,border,38,1,B,Sho1
19,2,YBL017C,38,3,B,Sho1
19,3,YOL100W,38,5,B,Sho1
19,4,YPR154W,38,7,B,Sho1
19,5,YLR119W,38,9,B,Sho1
19,6,YAL005C,38,11,B,Sho1
19,7,YMR192W,38,13,B,Sho1
19,8,YDL226C,38,15,B,Sho1
19,9,YLL048C,38,17,B,Sho1
19,10,YOR204W,38,19,B,Sho1
19,11,YBR177C,38,21,B,Sho1
19,12,YDR368W,38,23,B,Sho1
19,13,YCR088W,38,25,B,Sho1
19,14,YJL164C,38,27,B,Sho1
19,15,YHR016C,38,29,B,Sho1
19,16,border,38,31,B,Sho1
20,1,border,40,1,B,Sho1
20,2,YBR234C,40,3,B,Sho1
20,3,YNL229C,40,5,B,Sho1
20,4,YNL229C,40,7,B,Sho1
20,5,YNR007C,40,9,B,Sho1
20,6,YDL199C,40,11,B,Sho1
20,7,YDR129C,40,13,B,Sho1
20,8,YMR080C,40,15,B,Sho1
20,9,YDL229W,40,17,B,Sho1
20,10,YDL160C,40,19,B,Sho1
20,11,YOR181W,40,21,B,Sho1
20,12,YMR216C,40,23,B,Sho1
20,13,YER114C,40,25,B,Sho1
20,14,YKL013C,40,27,B,Sho1
20,15,YMR139W,40,29,B,Sho1
20,16,border,40,31,B,Sho1
21,1,border,42,1,B,Sho1
21,2,YLR119W,42,3,B,Sho1
21,3,YGR178C,42,5,B,Sho1
21,4,YLR144C,42,7,B,Sho1
21,5,YHR064C,42,9,B,Sho1
21,6,YNL094W,42,11,B,Sho1
21,7,YLR332W,42,13,B,Sho1
21,8,YJL151C,42,15,B,Sho1
21,9,YDL113C,42,17,B,Sho1
21,10,YPR184W,42,19,B,Sho1
21,11,YDL125C,42,21,B,Sho1
21,12,YOR081C,42,23,B,Sho1
21,13,YGL197W,42,25,B,Sho1
21,14,YCR030C,42,27,B,Sho1
21,15,YGR281W,42,29,B,Sho1
21,16,border,42,31,B,Sho1
22,1,border,44,1,B,Sho1
22,2,YNL243W,44,3,B,Sho1
22,3,YDL113C,44,5,B,Sho1
22,4,YJL210W,44,7,B,Sho1
22,5,YLR370C,44,9,B,Sho1
22,6,YNL298W,44,11,B,Sho1
22,7,YLR196W,44,13,B,Sho1
22,8,YBR234C,44,15,B,Sho1
22,9,YNL271C,44,17,B,Sho1
22,10,YJR076C,44,19,B,Sho1
22,11,YMR109W,44,21,B,Sho1
22,12,YDL160C,44,23,B,Sho1
22,13,YJL095W,44,25,B,Sho1
22,14,YNR007C,44,27,B,Sho1
22,15,YFL010C,44,29,B,Sho1
22,16,border,44,31,B,Sho1
23,1,border,46,1,B,Sho1
23,2,YLL040C,46,3,B,Sho1
23,3,YGR037C,46,5,B,Sho1
23,4,YML016C,46,7,B,Sho1
23,5,YLR330W,46,9,B,Sho1
23,6,YLR025W,46,11,B,Sho1
23,7,YER008C,46,13,B,Sho1
23,8,YCR088W,46,15,B,Sho1
23,9,YML016C,46,17,B,Sho1
23,10,YCR009C,46,19,B,Sho1
23,11,YLR330W,46,21,B,Sho1
23,12,YJL128C,46,23,B,Sho1
23,13,YJL095W,46,25,B,Sho1
23,14,YOR181W,46,27,B,Sho1
23,15,YPL249C,46,29,B,Sho1
23,16,border,46,31,B,Sho1
24,1,border,48,1,B,Sho1
24,2,border,48,3,B,Sho1
24,3,border,48,5,B,Sho1
24,4,border,48,7,B,Sho1
24,5,border,48,9,B,Sho1
24,6,border,48,11,B,Sho1
24,7,border,48,13,B,Sho1
24,8,border,48,15,B,Sho1
24,9,border,48,17,B,Sho1
24,10,border,48,19,B,Sho1
24,11,border,48,21,B,Sho1
24,12,border,48,23,B,Sho1
24,13,border,48,25,B,Sho1
24,14,border,48,27,B,Sho1
24,15,border,48,29,B,Sho1
24,16,border,48,31,B,Sho1
1,1,border,1,2,C,Sho1
1,2,border,1,4,C,Sho1
1,3,border,1,6,C,Sho1
1,4,border,1,8,C,Sho1
1,5,border,1,10,C,Sho1
1,6,border,1,12,C,Sho1
1,7,border,1,14,C,Sho1
1,8,border,1,16,C,Sho1
1,9,border,1,18,C,Sho1
1,10,border,1,20,C,Sho1
1,11,border,1,22,C,Sho1
1,12,border,1,24,C,Sho1
1,13,border,1,26,C,Sho1
1,14,border,1,28,C,Sho1
1,15,border,1,30,C,Sho1
1,16,border,1,32,C,Sho1
2,1,border,3,2,C,Sho1
2,2,YLR337C,3,4,C,Sho1
2,3,YNL271C,3,6,C,Sho1
2,4,YJL151C,3,8,C,Sho1
2,5,YJL155C,3,10,C,Sho1
2,6,YIL095W,3,12,C,Sho1
2,7,YGL206C,3,14,C,Sho1
2,8,YNL298W,3,16,C,Sho1
2,9,YCR002C,3,18,C,Sho1
2,10,YDR329C,3,20,C,Sho1
2,11,YER118C,3,22,C,Sho1
2,12,YCR009C,3,24,C,Sho1
2,13,YDR515W,3,26,C,Sho1
2,14,YPL115C,3,28,C,Sho1
2,15,YAR042W,3,30,C,Sho1
2,16,border,3,32,C,Sho1
3,1,border,5,2,C,Sho1
3,2,YER118C,5,4,C,Sho1
3,3,YGR037C,5,6,C,Sho1
3,4,YBL017C,5,8,C,Sho1
3,5,YGR250C,5,10,C,Sho1
3,6,YNL138W,5,12,C,Sho1
3,7,YNL298W,5,14,C,Sho1
3,8,YDR265W,5,16,C,Sho1
3,9,YLR144C,5,18,C,Sho1
3,10,YIR006C,5,20,C,Sho1
3,11,YJL210W,5,22,C,Sho1
3,12,YGR238C,5,24,C,Sho1
3,13,YPR108W,5,26,C,Sho1
3,14,YHR114W,5,28,C,Sho1
3,15,YMR192W,5,30,C,Sho1
3,16,border,5,32,C,Sho1
4,1,border,7,2,C,Sho1
4,2,YPL249C,7,4,C,Sho1
4,3,YOR229W,7,6,C,Sho1
4,4,YER166W,7,8,C,Sho1
4,5,YML016C,7,10,C,Sho1
4,6,YJL128C,7,12,C,Sho1
4,7,YBR130C,7,14,C,Sho1
4,8,YER008C,7,16,C,Sho1
4,9,YNL094W,7,18,C,Sho1
4,10,YBR102C,7,20,C,Sho1
4,11,YLL048C,7,22,C,Sho1
4,12,YKR001C,7,24,C,Sho1
4,13,YLR314C,7,26,C,Sho1
4,14,YDL065C,7,28,C,Sho1
4,15,YNL287W,7,30,C,Sho1
4,16,border,7,32,C,Sho1
5,1,border,9,2,C,Sho1
5,2,YGR037C,9,4,C,Sho1
5,3,YMR216C,9,6,C,Sho1
5,4,YMR080C,9,8,C,Sho1
5,5,YFR024C-A,9,10,C,Sho1
5,6,YHL002W,9,12,C,Sho1
5,7,YLR144C,9,14,C,Sho1
5,8,YER114C,9,16,C,Sho1
5,9,YEL015W,9,18,C,Sho1
5,10,YDR515W,9,20,C,Sho1
5,11,YLR370C,9,22,C,Sho1
5,12,YLR258W,9,24,C,Sho1
5,13,YNL238W,9,26,C,Sho1
5,14,YGR238C,9,28,C,Sho1
5,15,YIL062C,9,30,C,Sho1
5,16,border,9,32,C,Sho1
6,1,border,11,2,C,Sho1
6,2,YDL146W,11,4,C,Sho1
6,3,YGL242C,11,6,C,Sho1
6,4,YER008C,11,8,C,Sho1
6,5,YGL252C,11,10,C,Sho1
6,6,YJL155C,11,12,C,Sho1
6,7,YER008C,11,14,C,Sho1
6,8,YIR003W,11,16,C,Sho1
6,9,YOR035C,11,18,C,Sho1
6,10,YER149C,11,20,C,Sho1
6,11,YKR082W,11,22,C,Sho1
6,12,YBL017C,11,24,C,Sho1
6,13,YNL243W,11,26,C,Sho1
6,14,YFR040W,11,28,C,Sho1
6,15,YDL226C,11,30,C,Sho1
6,16,border,11,32,C,Sho1
7,1,border,13,2,C,Sho1
7,2,YPR184W,13,4,C,Sho1
7,3,YAL005C,13,6,C,Sho1
7,4,YEL015W,13,8,C,Sho1
7,5,YNL255C,13,10,C,Sho1
7,6,YNL255C,13,12,C,Sho1
7,7,YKL013C,13,14,C,Sho1
7,8,YAR014C,13,16,C,Sho1
7,9,YOR229W,13,18,C,Sho1
7,10,YPR055W,13,20,C,Sho1
7,11,YER149C,13,22,C,Sho1
7,12,YJR083C,13,24,C,Sho1
7,13,YLR206W,13,26,C,Sho1
7,14,YBL085W,13,28,C,Sho1
7,15,YDL229W,13,30,C,Sho1
7,16,border,13,32,C,Sho1
8,1,border,15,2,C,Sho1
8,2,YJL155C,15,4,C,Sho1
8,3,YML035C,15,6,C,Sho1
8,4,YDL065C,15,8,C,Sho1
8,5,YLR337C,15,10,C,Sho1
8,6,YOL147C,15,12,C,Sho1
8,7,YCL024W,15,14,C,Sho1
8,8,YNL106C,15,16,C,Sho1
8,9,YBL007C,15,18,C,Sho1
8,10,YBR234C,15,20,C,Sho1
8,11,YDL199C,15,22,C,Sho1
8,12,YAL041W,15,24,C,Sho1
8,13,YFR040W,15,26,C,Sho1
8,14,YAL005C,15,28,C,Sho1
8,15,YJL201W,15,30,C,Sho1
8,16,border,15,32,C,Sho1
9,1,border,17,2,C,Sho1
9,2,YNL084C,17,4,C,Sho1
9,3,YLL040C,17,6,C,Sho1
9,4,YBL017C,17,8,C,Sho1
9,5,YGL197W,17,10,C,Sho1
9,6,YCL034W,17,12,C,Sho1
9,7,YDR170C,17,14,C,Sho1
9,8,YOR039W,17,16,C,Sho1
9,9,YDL146W,17,18,C,Sho1
9,10,YDR265W,17,20,C,Sho1
9,11,YLR324W,17,22,C,Sho1
9,12,YNL098C,17,24,C,Sho1
9,13,YNL229C,17,26,C,Sho1
9,14,YAL041W,17,28,C,Sho1
9,15,YFR024C-A,17,30,C,Sho1
9,16,border,17,32,C,Sho1
10,1,border,19,2,C,Sho1
10,2,YBL039C,19,4,C,Sho1
10,3,YLR436C,19,6,C,Sho1
10,4,YGR210C,19,8,C,Sho1
10,5,YLR025W,19,10,C,Sho1
10,6,YHR016C,19,12,C,Sho1
10,7,YPL115C,19,14,C,Sho1
10,8,YJR083C,19,16,C,Sho1
10,9,YJL128C,19,18,C,Sho1
10,10,YCR088W,19,20,C,Sho1
10,11,YOR181W,19,22,C,Sho1
10,12,YOL147C,19,24,C,Sho1
10,13,YBR130C,19,26,C,Sho1
10,14,YCR002C,19,28,C,Sho1
10,15,YKL013C,19,30,C,Sho1
10,16,border,19,32,C,Sho1
11,1,border,21,2,C,Sho1
11,2,YGL060W,21,4,C,Sho1
11,3,YDR388W,21,6,C,Sho1
11,4,YGL099W,21,8,C,Sho1
11,5,YNL229C,21,10,C,Sho1
11,6,YCL034W,21,12,C,Sho1
11,7,YGR250C,21,14,C,Sho1
11,8,YKL129C,21,16,C,Sho1
11,9,YPL246C,21,18,C,Sho1
11,10,YDL229W,21,20,C,Sho1
11,11,YNL094W,21,22,C,Sho1
11,12,YDR379W,21,24,C,Sho1
11,13,YHR114W,21,26,C,Sho1
11,14,YNL138W,21,28,C,Sho1
11,15,YKR082W,21,30,C,Sho1
11,16,border,21,32,C,Sho1
12,1,border,23,2,C,Sho1
12,2,YCR030C,23,4,C,Sho1
12,3,YLR166C,23,6,C,Sho1
12,4,YIR003W,23,8,C,Sho1
12,5,YAR042W,23,10,C,Sho1
12,6,YOR284W,23,12,C,Sho1
12,7,YER149C,23,14,C,Sho1
12,8,YHR114W,23,16,C,Sho1
12,9,YLR196W,23,18,C,Sho1
12,10,YDR265W,23,20,C,Sho1
12,11,YIL062C,23,22,C,Sho1
12,12,YOL100W,23,24,C,Sho1
12,13,YNL138W,23,26,C,Sho1
12,14,YMR026C,23,28,C,Sho1
12,15,YGL206C,23,30,C,Sho1
12,16,border,23,32,C,Sho1
13,1,border,25,2,C,Sho1
13,2,YIR003W,25,4,C,Sho1
13,3,YKR048C,25,6,C,Sho1
13,4,YLR166C,25,8,C,Sho1
13,5,YGL099W,25,10,C,Sho1
13,6,YHR114W,25,12,C,Sho1
13,7,YOR039W,25,14,C,Sho1
13,8,YNL138W,25,16,C,Sho1
13,9,YNL298W,25,18,C,Sho1
13,10,YDL229W,25,20,C,Sho1
13,11,YDR166C,25,22,C,Sho1
13,12,YNL229C,25,24,C,Sho1
13,13,YGR238C,25,26,C,Sho1
13,14,YJR083C,25,28,C,Sho1
13,15,YCL024W,25,30,C,Sho1
13,16,border,25,32,C,Sho1
14,1,border,27,2,C,Sho1
14,2,YJR076C,27,4,C,Sho1
14,3,YCL034W,27,6,C,Sho1
14,4,YML131W,27,8,C,Sho1
14,5,YDR368W,27,10,C,Sho1
14,6,YIL062C,27,12,C,Sho1
14,7,YCR002C,27,14,C,Sho1
14,8,YOR042W,27,16,C,Sho1
14,9,YLR324W,27,18,C,Sho1
14,10,YLR191W,27,20,C,Sho1
14,11,YML131W,27,22,C,Sho1
14,12,YGR210C,27,24,C,Sho1
14,13,YOL147C,27,26,C,Sho1
14,14,YMR139W,27,28,C,Sho1
14,15,YLL039C,27,30,C,Sho1
14,16,border,27,32,C,Sho1
15,1,border,29,2,C,Sho1
15,2,YFR024C-A,29,4,C,Sho1
15,3,YKR082W,29,6,C,Sho1
15,4,YIL095W,29,8,C,Sho1
15,5,YML016C,29,10,C,Sho1
15,6,YIL033C,29,12,C,Sho1
15,7,YJL210W,29,14,C,Sho1
15,8,YJL095W,29,16,C,Sho1
15,9,YKR082W,29,18,C,Sho1
15,10,YOR181W,29,20,C,Sho1
15,11,YJL210W,29,22,C,Sho1
15,12,YLR191W,29,24,C,Sho1
15,13,YCR030C,29,26,C,Sho1
15,14,YIL033C,29,28,C,Sho1
15,15,YDL225W,29,30,C,Sho1
15,16,border,29,32,C,Sho1
16,1,border,31,2,C,Sho1
16,2,YPL115C,31,4,C,Sho1
16,3,YNL287W,31,6,C,Sho1
16,4,YMR109W,31,8,C,Sho1
16,5,YAR042W,31,10,C,Sho1
16,6,YPL115C,31,12,C,Sho1
16,7,YLL039C,31,14,C,Sho1
16,8,YNL020C,31,16,C,Sho1
16,9,YLR337C,31,18,C,Sho1
16,10,YPR108W,31,20,C,Sho1
16,11,YNL238W,31,22,C,Sho1
16,12,YDR515W,31,24,C,Sho1
16,13,YOR039W,31,26,C,Sho1
16,14,YDL160C,31,28,C,Sho1
16,15,YLR324W,31,30,C,Sho1
16,16,border,31,32,C,Sho1
17,1,border,33,2,C,Sho1
17,2,YGR250C,33,4,C,Sho1
17,3,YLR332W,33,6,C,Sho1
17,4,YJL151C,33,8,C,Sho1
17,5,YDL199C,33,10,C,Sho1
17,6,YGL242C,33,12,C,Sho1
17,7,YDR388W,33,14,C,Sho1
17,8,YGL242C,33,16,C,Sho1
17,9,YNL238W,33,18,C,Sho1
17,10,YIL033C,33,20,C,Sho1
17,11,YDR329C,33,22,C,Sho1
17,12,YOR039W,33,24,C,Sho1
17,13,YDL229W,33,26,C,Sho1
17,14,YDR388W,33,28,C,Sho1
17,15,YKR001C,33,30,C,Sho1
17,16,border,33,32,C,Sho1
18,1,border,35,2,C,Sho1
18,2,YPL249C,35,4,C,Sho1
18,3,YDR368W,35,6,C,Sho1
18,4,YGR229C,35,8,C,Sho1
18,5,YDL225W,35,10,C,Sho1
18,6,YMR216C,35,12,C,Sho1
18,7,YER149C,35,14,C,Sho1
18,8,YGR178C,35,16,C,Sho1
18,9,YBR200W,35,18,C,Sho1
18,10,YEL015W,35,20,C,Sho1
18,11,YNL098C,35,22,C,Sho1
18,12,YHR016C,35,24,C,Sho1
18,13,YDL019C,35,26,C,Sho1
18,14,YGR210C,35,28,C,Sho1
18,15,YBR102C,35,30,C,Sho1
18,16,border,35,32,C,Sho1
19,1,border,37,2,C,Sho1
19,2,YNL106C,37,4,C,Sho1
19,3,YEL015W,37,6,C,Sho1
19,4,YGL153W,37,8,C,Sho1
19,5,YAL005C,37,10,C,Sho1
19,6,YGL060W,37,12,C,Sho1
19,7,YER166W,37,14,C,Sho1
19,8,YNL255C,37,16,C,Sho1
19,9,YHR158C,37,18,C,Sho1
19,10,YDL125C,37,20,C,Sho1
19,11,YLR258W,37,22,C,Sho1
19,12,YDL160C,37,24,C,Sho1
19,13,YLL039C,37,26,C,Sho1
19,14,YBL039C,37,28,C,Sho1
19,15,YLL048C,37,30,C,Sho1
19,16,border,37,32,C,Sho1
20,1,border,39,2,C,Sho1
20,2,YNL098C,39,4,C,Sho1
20,3,YLR332W,39,6,C,Sho1
20,4,YHR114W,39,8,C,Sho1
20,5,YER008C,39,10,C,Sho1
20,6,YIL095W,39,12,C,Sho1
20,7,YHR016C,39,14,C,Sho1
20,8,YPL246C,39,16,C,Sho1
20,9,YDR170C,39,18,C,Sho1
20,10,YML131W,39,20,C,Sho1
20,11,YNL271C,39,22,C,Sho1
20,12,YGL153W,39,24,C,Sho1
20,13,YJL201W,39,26,C,Sho1
20,14,YBR234C,39,28,C,Sho1
20,15,YLR370C,39,30,C,Sho1
20,16,border,39,32,C,Sho1
21,1,border,41,2,C,Sho1
21,2,YBL039C,41,4,C,Sho1
21,3,YBL039C,41,6,C,Sho1
21,4,YMR192W,41,8,C,Sho1
21,5,YBR130C,41,10,C,Sho1
21,6,YOL147C,41,12,C,Sho1
21,7,YJL042W,41,14,C,Sho1
21,8,YPL249C,41,16,C,Sho1
21,9,YHR064C,41,18,C,Sho1
21,10,YER155C,41,20,C,Sho1
21,11,YMR080C,41,22,C,Sho1
21,12,YOL100W,41,24,C,Sho1
21,13,YLR436C,41,26,C,Sho1
21,14,YER008C,41,28,C,Sho1
21,15,YNR006W,41,30,C,Sho1
21,16,border,41,32,C,Sho1
22,1,border,43,2,C,Sho1
22,2,YER118C,43,4,C,Sho1
22,3,YKL051W,43,6,C,Sho1
22,4,YGR238C,43,8,C,Sho1
22,5,YML131W,43,10,C,Sho1
22,6,YLR337C,43,12,C,Sho1
22,7,YHR158C,43,14,C,Sho1
22,8,YLR196W,43,16,C,Sho1
22,9,YLR025W,43,18,C,Sho1
22,10,YCL024W,43,20,C,Sho1
22,11,YBR102C,43,22,C,Sho1
22,12,YDR129C,43,24,C,Sho1
22,13,YOR035C,43,26,C,Sho1
22,14,YIR006C,43,28,C,Sho1
22,15,YBR200W,43,30,C,Sho1
22,16,border,43,32,C,Sho1
23,1,border,45,2,C,Sho1
23,2,YML016C,45,4,C,Sho1
23,3,YMR026C,45,6,C,Sho1
23,4,YJL042W,45,8,C,Sho1
23,5,YDR368W,45,10,C,Sho1
23,6,YEL015W,45,12,C,Sho1
23,7,YBL085W,45,14,C,Sho1
23,8,YAR042W,45,16,C,Sho1
23,9,YMR139W,45,18,C,Sho1
23,10,YGL153W,45,20,C,Sho1
23,11,YGL197W,45,22,C,Sho1
23,12,YBR200W,45,24,C,Sho1
23,13,YPR108W,45,26,C,Sho1
23,14,YLR332W,45,28,C,Sho1
23,15,YBR023C,45,30,C,Sho1
23,16,border,45,32,C,Sho1
24,1,border,47,2,C,Sho1
24,2,border,47,4,C,Sho1
24,3,border,47,6,C,Sho1
24,4,border,47,8,C,Sho1
24,5,border,47,10,C,Sho1
24,6,border,47,12,C,Sho1
24,7,border,47,14,C,Sho1
24,8,border,47,16,C,Sho1
24,9,border,47,18,C,Sho1
24,10,border,47,20,C,Sho1
24,11,border,47,22,C,Sho1
24,12,border,47,24,C,Sho1
24,13,border,47,26,C,Sho1
24,14,border,47,28,C,Sho1
24,15,border,47,30,C,Sho1
24,16,border,47,32,C,Sho1
1,1,border,2,2,D,Sho1
1,2,border,2,4,D,Sho1
1,3,border,2,6,D,Sho1
1,4,border,2,8,D,Sho1
1,5,border,2,10,D,Sho1
1,6,border,2,12,D,Sho1
1,7,border,2,14,D,Sho1
1,8,border,2,16,D,Sho1
1,9,border,2,18,D,Sho1
1,10,border,2,20,D,Sho1
1,11,border,2,22,D,Sho1
1,12,border,2,24,D,Sho1
1,13,border,2,26,D,Sho1
1,14,border,2,28,D,Sho1
1,15,border,2,30,D,Sho1
1,16,border,2,32,D,Sho1
2,1,border,4,2,D,Sho1
2,2,YBL039C,4,4,D,Sho1
2,3,YJL128C,4,6,D,Sho1
2,4,YJL128C,4,8,D,Sho1
2,5,YHL002W,4,10,D,Sho1
2,6,YGL197W,4,12,D,Sho1
2,7,YFR004W,4,14,D,Sho1
2,8,YGL197W,4,16,D,Sho1
2,9,YGL153W,4,18,D,Sho1
2,10,YDR166C,4,20,D,Sho1
2,11,YKL129C,4,22,D,Sho1
2,12,YNL020C,4,24,D,Sho1
2,13,YNL243W,4,26,D,Sho1
2,14,YMR109W,4,28,D,Sho1
2,15,YKL117W,4,30,D,Sho1
2,16,border,4,32,D,Sho1
3,1,border,6,2,D,Sho1
3,2,YKL051W,6,4,D,Sho1
3,3,YJL095W,6,6,D,Sho1
3,4,YBR200W,6,8,D,Sho1
3,5,YDR129C,6,10,D,Sho1
3,6,YGR250C,6,12,D,Sho1
3,7,YNL138W,6,14,D,Sho1
3,8,YBR177C,6,16,D,Sho1
3,9,YLR025W,6,18,D,Sho1
3,10,YDR129C,6,20,D,Sho1
3,11,YJL151C,6,22,D,Sho1
3,12,YOR284W,6,24,D,Sho1
3,13,YJL128C,6,26,D,Sho1
3,14,YCL024W,6,28,D,Sho1
3,15,YDL113C,6,30,D,Sho1
3,16,border,6,32,D,Sho1
4,1,border,8,2,D,Sho1
4,2,YGL252C,8,4,D,Sho1
4,3,YLR025W,8,6,D,Sho1
4,4,YML016C,8,8,D,Sho1
4,5,YGL099W,8,10,D,Sho1
4,6,YDR229W,8,12,D,Sho1
4,7,YLR206W,8,14,D,Sho1
4,8,YNL255C,8,16,D,Sho1
4,9,YIL095W,8,18,D,Sho1
4,10,YNR006W,8,20,D,Sho1
4,11,YPR184W,8,22,D,Sho1
4,12,YDR129C,8,24,D,Sho1
4,13,YDR229W,8,26,D,Sho1
4,14,YLR191W,8,28,D,Sho1
4,15,YGR178C,8,30,D,Sho1
4,16,border,8,32,D,Sho1
5,1,border,10,2,D,Sho1
5,2,YGR178C,10,4,D,Sho1
5,3,YHL002W,10,6,D,Sho1
5,4,YDL065C,10,8,D,Sho1
5,5,YNL106C,10,10,D,Sho1
5,6,YFL010C,10,12,D,Sho1
5,7,YCL024W,10,14,D,Sho1
5,8,YOL100W,10,16,D,Sho1
5,9,YBR109C,10,18,D,Sho1
5,10,YDL125C,10,20,D,Sho1
5,11,YNL084C,10,22,D,Sho1
5,12,YGL242C,10,24,D,Sho1
5,13,YNL098C,10,26,D,Sho1
5,14,YLR196W,10,28,D,Sho1
5,15,YER114C,10,30,D,Sho1
5,16,border,10,32,D,Sho1
6,1,border,12,2,D,Sho1
6,2,YDR379W,12,4,D,Sho1
6,3,YBR053C,12,6,D,Sho1
6,4,YCL034W,12,8,D,Sho1
6,5,YDL113C,12,10,D,Sho1
6,6,YGR210C,12,12,D,Sho1
6,7,YJR076C,12,14,D,Sho1
6,8,YER166W,12,16,D,Sho1
6,9,YOR081C,12,18,D,Sho1
6,10,YJL164C,12,20,D,Sho1
6,11,YPL249C,12,22,D,Sho1
6,12,YDL199C,12,24,D,Sho1
6,13,YPR055W,12,26,D,Sho1
6,14,YGR238C,12,28,D,Sho1
6,15,YNL271C,12,30,D,Sho1
6,16,border,12,32,D,Sho1
7,1,border,14,2,D,Sho1
7,2,YDR388W,14,4,D,Sho1
7,3,YPL249C,14,6,D,Sho1
7,4,YDL199C,14,8,D,Sho1
7,5,YGL153W,14,10,D,Sho1
7,6,YLR191W,14,12,D,Sho1
7,7,YDR507C,14,14,D,Sho1
7,8,YPR184W,14,16,D,Sho1
7,9,YGR210C,14,18,D,Sho1
7,10,YBR102C,14,20,D,Sho1
7,11,YKL117W,14,22,D,Sho1
7,12,YLR196W,14,24,D,Sho1
7,13,YKR048C,14,26,D,Sho1
7,14,YJL210W,14,28,D,Sho1
7,15,YDL125C,14,30,D,Sho1
7,16,border,14,32,D,Sho1
8,1,border,16,2,D,Sho1
8,2,YBR053C,16,4,D,Sho1
8,3,YBL007C,16,6,D,Sho1
8,4,YNL243W,16,8,D,Sho1
8,5,YHR064C,16,10,D,Sho1
8,6,YLR324W,16,12,D,Sho1
8,7,YDR229W,16,14,D,Sho1
8,8,YLR370C,16,16,D,Sho1
8,9,YPR154W,16,18,D,Sho1
8,10,YDR368W,16,20,D,Sho1
8,11,YBR109C,16,22,D,Sho1
8,12,YKR082W,16,24,D,Sho1
8,13,YDR379W,16,26,D,Sho1
8,14,YKR082W,16,28,D,Sho1
8,15,YKL129C,16,30,D,Sho1
8,16,border,16,32,D,Sho1
9,1,border,18,2,D,Sho1
9,2,YBL071W-A,18,4,D,Sho1
9,3,YBR023C,18,6,D,Sho1
9,4,YNL255C,18,8,D,Sho1
9,5,YFR040W,18,10,D,Sho1
9,6,YLR166C,18,12,D,Sho1
9,7,YHL002W,18,14,D,Sho1
9,8,YGR281W,18,16,D,Sho1
9,9,YJR076C,18,18,D,Sho1
9,10,YAR014C,18,20,D,Sho1
9,11,YOR042W,18,22,D,Sho1
9,12,YLR370C,18,24,D,Sho1
9,13,YPR108W,18,26,D,Sho1
9,14,YOR229W,18,28,D,Sho1
9,15,YOR284W,18,30,D,Sho1
9,16,border,18,32,D,Sho1
10,1,border,20,2,D,Sho1
10,2,YMR192W,20,4,D,Sho1
10,3,YDR129C,20,6,D,Sho1
10,4,YGR281W,20,8,D,Sho1
10,5,YML035C,20,10,D,Sho1
10,6,YJL042W,20,12,D,Sho1
10,7,YJR076C,20,14,D,Sho1
10,8,YOR039W,20,16,D,Sho1
10,9,YJL042W,20,18,D,Sho1
10,10,YLR166C,20,20,D,Sho1
10,11,YDR329C,20,22,D,Sho1
10,12,YMR216C,20,24,D,Sho1
10,13,YLR196W,20,26,D,Sho1
10,14,YCL024W,20,28,D,Sho1
10,15,YJL151C,20,30,D,Sho1
10,16,border,20,32,D,Sho1
11,1,border,22,2,D,Sho1
11,2,YER118C,22,4,D,Sho1
11,3,YOR181W,22,6,D,Sho1
11,4,YML035C,22,8,D,Sho1
11,5,YMR026C,22,10,D,Sho1
11,6,YKL117W,22,12,D,Sho1
11,7,YDL019C,22,14,D,Sho1
11,8,YPL115C,22,16,D,Sho1
11,9,YGL060W,22,18,D,Sho1
11,10,YOR284W,22,20,D,Sho1
11,11,YCR088W,22,22,D,Sho1
11,12,YOR081C,22,24,D,Sho1
11,13,YDR229W,22,26,D,Sho1
11,14,YDR170C,22,28,D,Sho1
11,15,YLR330W,22,30,D,Sho1
11,16,border,22,32,D,Sho1
12,1,border,24,2,D,Sho1
12,2,YKL054C,24,4,D,Sho1
12,3,YJL020C,24,6,D,Sho1
12,4,YIL095W,24,8,D,Sho1
12,5,YLR370C,24,10,D,Sho1
12,6,YHR158C,24,12,D,Sho1
12,7,YBR177C,24,14,D,Sho1
12,8,YIR003W,24,16,D,Sho1
12,9,YKL117W,24,18,D,Sho1
12,10,YJL020C,24,20,D,Sho1
12,11,YPL249C,24,22,D,Sho1
12,12,YDR507C,24,24,D,Sho1
12,13,YML131W,24,26,D,Sho1
12,14,YKR048C,24,28,D,Sho1
12,15,YKL051W,24,30,D,Sho1
12,16,border,24,32,D,Sho1
13,1,border,26,2,D,Sho1
13,2,YGL197W,26,4,D,Sho1
13,3,YER118C,26,6,D,Sho1
13,4,YKL013C,26,8,D,Sho1
13,5,YGR229C,26,10,D,Sho1
13,6,YLR337C,26,12,D,Sho1
13,7,YDL125C,26,14,D,Sho1
13,8,YOR284W,26,16,D,Sho1
13,9,YGR250C,26,18,D,Sho1
13,10,YMR139W,26,20,D,Sho1
13,11,YML035C,26,22,D,Sho1
13,12,YOL100W,26,24,D,Sho1
13,13,YDR329C,26,26,D,Sho1
13,14,YKL129C,26,28,D,Sho1
13,15,YJL020C,26,30,D,Sho1
13,16,border,26,32,D,Sho1
14,1,border,28,2,D,Sho1
14,2,YNL287W,28,4,D,Sho1
14,3,YER155C,28,6,D,Sho1
14,4,YNL307C,28,8,D,Sho1
14,5,YKR001C,28,10,D,Sho1
14,6,YIR003W,28,12,D,Sho1
14,7,YBR053C,28,14,D,Sho1
14,8,YNL020C,28,16,D,Sho1
14,9,YGL252C,28,18,D,Sho1
14,10,YLL039C,28,20,D,Sho1
14,11,YAL041W,28,22,D,Sho1
14,12,YNL084C,28,24,D,Sho1
14,13,YLR314C,28,26,D,Sho1
14,14,YAR014C,28,28,D,Sho1
14,15,YOR181W,28,30,D,Sho1
14,16,border,28,32,D,Sho1
15,1,border,30,2,D,Sho1
15,2,YDR265W,30,4,D,Sho1
15,3,YLL040C,30,6,D,Sho1
15,4,YIL062C,30,8,D,Sho1
15,5,YLR206W,30,10,D,Sho1
15,6,YDR507C,30,12,D,Sho1
15,7,YBR109C,30,14,D,Sho1
15,8,YOL147C,30,16,D,Sho1
15,9,YLL039C,30,18,D,Sho1
15,10,YDR515W,30,20,D,Sho1
15,11,YOR229W,30,22,D,Sho1
15,12,YBL039C,30,24,D,Sho1
15,13,YOR204W,30,26,D,Sho1
15,14,YKL129C,30,28,D,Sho1
15,15,YML131W,30,30,D,Sho1
15,16,border,30,32,D,Sho1
16,1,border,32,2,D,Sho1
16,2,YJL151C,32,4,D,Sho1
16,3,YIL062C,32,6,D,Sho1
16,4,YPR108W,32,8,D,Sho1
16,5,YKL117W,32,10,D,Sho1
16,6,YNL307C,32,12,D,Sho1
16,7,YIL033C,32,14,D,Sho1
16,8,YDR166C,32,16,D,Sho1
16,9,YPL115C,32,18,D,Sho1
16,10,YML131W,32,20,D,Sho1
16,11,YLR258W,32,22,D,Sho1
16,12,YGL153W,32,24,D,Sho1
16,13,YDL019C,32,26,D,Sho1
16,14,YBR200W,32,28,D,Sho1
16,15,YPL115C,32,30,D,Sho1
16,16,border,32,32,D,Sho1
17,1,border,34,2,D,Sho1
17,2,YDL065C,34,4,D,Sho1
17,3,YER155C,34,6,D,Sho1
17,4,YHR016C,34,8,D,Sho1
17,5,YDR515W,34,10,D,Sho1
17,6,YJL164C,34,12,D,Sho1
17,7,YER118C,34,14,D,Sho1
17,8,YGR229C,34,16,D,Sho1
17,9,YKR001C,34,18,D,Sho1
17,10,YDR388W,34,20,D,Sho1
17,11,YGR250C,34,22,D,Sho1
17,12,YDR515W,34,24,D,Sho1
17,13,YMR139W,34,26,D,Sho1
17,14,YCR088W,34,28,D,Sho1
17,15,YDR515W,34,30,D,Sho1
17,16,border,34,32,D,Sho1
18,1,border,36,2,D,Sho1
18,2,YOR042W,36,4,D,Sho1
18,3,YNL307C,36,6,D,Sho1
18,4,YDL019C,36,8,D,Sho1
18,5,YCL024W,36,10,D,Sho1
18,6,YPR154W,36,12,D,Sho1
18,7,YBR023C,36,14,D,Sho1
18,8,YDL065C,36,16,D,Sho1
18,9,YER155C,36,18,D,Sho1
18,10,YDL226C,36,20,D,Sho1
18,11,YOR081C,36,22,D,Sho1
18,12,YPL246C,36,24,D,Sho1
18,13,YBR177C,36,26,D,Sho1
18,14,YPR055W,36,28,D,Sho1
18,15,YCR030C,36,30,D,Sho1
18,16,border,36,32,D,Sho1
19,1,border,38,2,D,Sho1
19,2,YDR170C,38,4,D,Sho1
19,3,YGL206C,38,6,D,Sho1
19,4,YAL041W,38,8,D,Sho1
19,5,YAR014C,38,10,D,Sho1
19,6,YDL113C,38,12,D,Sho1
19,7,YPL246C,38,14,D,Sho1
19,8,YMR109W,38,16,D,Sho1
19,9,YDR166C,38,18,D,Sho1
19,10,YBR234C,38,20,D,Sho1
19,11,YGR238C,38,22,D,Sho1
19,12,YKL054C,38,24,D,Sho1
19,13,YOR035C,38,26,D,Sho1
19,14,YNL106C,38,28,D,Sho1
19,15,YLR144C,38,30,D,Sho1
19,16,border,38,32,D,Sho1
20,1,border,40,2,D,Sho1
20,2,YMR192W,40,4,D,Sho1
20,3,YNL106C,40,6,D,Sho1
20,4,YCR030C,40,8,D,Sho1
20,5,YER166W,40,10,D,Sho1
20,6,YOR229W,40,12,D,Sho1
20,7,YCR009C,40,14,D,Sho1
20,8,YKR048C,40,16,D,Sho1
20,9,YGR210C,40,18,D,Sho1
20,10,YLR119W,40,20,D,Sho1
20,11,YGL206C,40,22,D,Sho1
20,12,YNL094W,40,24,D,Sho1
20,13,YOR204W,40,26,D,Sho1
20,14,YNL287W,40,28,D,Sho1
20,15,YDL226C,40,30,D,Sho1
20,16,border,40,32,D,Sho1
21,1,border,42,2,D,Sho1
21,2,YOR042W,42,4,D,Sho1
21,3,YGR229C,42,6,D,Sho1
21,4,YBR109C,42,8,D,Sho1
21,5,YDR229W,42,10,D,Sho1
21,6,YPR154W,42,12,D,Sho1
21,7,YJL020C,42,14,D,Sho1
21,8,YKL117W,42,16,D,Sho1
21,9,YFR004W,42,18,D,Sho1
21,10,YLR258W,42,20,D,Sho1
21,11,YOR081C,42,22,D,Sho1
21,12,YLR258W,42,24,D,Sho1
21,13,YBR200W,42,26,D,Sho1
21,14,YBL017C,42,28,D,Sho1
21,15,YNL098C,42,30,D,Sho1
21,16,border,42,32,D,Sho1
22,1,border,44,2,D,Sho1
22,2,YLL039C,44,4,D,Sho1
22,3,YHR016C,44,6,D,Sho1
22,4,YNL106C,44,8,D,Sho1
22,5,YAL041W,44,10,D,Sho1
22,6,YCR030C,44,12,D,Sho1
22,7,YMR080C,44,14,D,Sho1
22,8,YBR053C,44,16,D,Sho1
22,9,YJL164C,44,18,D,Sho1
22,10,YGR178C,44,20,D,Sho1
22,11,YDR388W,44,22,D,Sho1
22,12,YML016C,44,24,D,Sho1
22,13,YLR314C,44,26,D,Sho1
22,14,YFR024C-A,44,28,D,Sho1
22,15,YDL160C,44,30,D,Sho1
22,16,border,44,32,D,Sho1
23,1,border,46,2,D,Sho1
23,2,YJL155C,46,4,D,Sho1
23,3,YKR001C,46,6,D,Sho1
23,4,YGL252C,46,8,D,Sho1
23,5,YDR379W,46,10,D,Sho1
23,6,YNL255C,46,12,D,Sho1
23,7,YFR024C-A,46,14,D,Sho1
23,8,YBL007C,46,16,D,Sho1
23,9,YPL246C,46,18,D,Sho1
23,10,YLR258W,46,20,D,Sho1
23,11,YMR109W,46,22,D,Sho1
23,12,YNL094W,46,24,D,Sho1
23,13,YNL020C,46,26,D,Sho1
23,14,YNR007C,46,28,D,Sho1
23,15,YDL125C,46,30,D,Sho1
23,16,border,46,32,D,Sho1
24,1,border,48,2,D,Sho1
24,2,border,48,4,D,Sho1
24,3,border,48,6,D,Sho1
24,4,border,48,8,D,Sho1
24,5,border,48,10,D,Sho1
24,6,border,48,12,D,Sho1
24,7,border,48,14,D,Sho1
24,8,border,48,16,D,Sho1
24,9,border,48,18,D,Sho1
24,10,border,48,20,D,Sho1
24,11,border,48,22,D,Sho1
24,12,border,48,24,D,Sho1
24,13,border,48,26,D,Sho1
24,14,border,48,28,D,Sho1
24,15,border,48,30,D,Sho1
24,16,border,48,32,D,Sho1
1,1,border,1,1,A,Pbs2
1,2,border,1,3,A,Pbs2
1,3,border,1,5,A,Pbs2
1,4,border,1,7,A,Pbs2
1,5,border,1,9,A,Pbs2
1,6,border,1,11,A,Pbs2
1,7,border,1,13,A,Pbs2
1,8,border,1,15,A,Pbs2
1,9,border,1,17,A,Pbs2
1,10,border,1,19,A,Pbs2
1,11,border,1,21,A,Pbs2
1,12,border,1,23,A,Pbs2
1,13,border,1,25,A,Pbs2
1,14,border,1,27,A,Pbs2
1,15,border,1,29,A,Pbs2
1,16,border,1,31,A,Pbs2
2,1,border,3,1,A,Pbs2
2,2,LSB1_DHFR[12],3,3,A,Pbs2
2,3,BOI2_DHFR[12],3,5,A,Pbs2
2,4,RVS167_DHFR[12],3,7,A,Pbs2
2,5,HSE1_DHFR[12],3,9,A,Pbs2
2,6,SHO1_PEX13_DHFR[12],3,11,A,Pbs2
2,7,NBP2_DHFR[12],3,13,A,Pbs2
2,8,CDC25_DHFR[12],3,15,A,Pbs2
2,9,SHO1_NBP2_DHFR[12],3,17,A,Pbs2
2,10,BZZ1_DHFR[12],3,19,A,Pbs2
2,11,ABP1_DHFR[12],3,21,A,Pbs2
2,12,SHO1_ABP1_DHFR[12],3,23,A,Pbs2
2,13,LSB1_DHFR[12],3,25,A,Pbs2
2,14,SHO1_ABP1_DHFR[12],3,27,A,Pbs2
2,15,SHO1_SLA1(SH3_3)_DHFR[12],3,29,A,Pbs2
2,16,border,3,31,A,Pbs2
3,1,border,5,1,A,Pbs2
3,2,SHO1_LSB1_DHFR[12],5,3,A,Pbs2
3,3,SHO1_ABP1_DHFR[12],5,5,A,Pbs2
3,4,PIN3_DHFR[12],5,7,A,Pbs2
3,5,SHO1_HSE1_DHFR[12],5,9,A,Pbs2
3,6,LSB3_DHFR[12],5,11,A,Pbs2
3,7,NBP2_DHFR[12],5,13,A,Pbs2
3,8,SHO1_MYO5_DHFR[12],5,15,A,Pbs2
3,9,CYK3_DHFR[12],5,17,A,Pbs2
3,10,SHO1_SLA1(SH3_1)_DHFR[12],5,19,A,Pbs2
3,11,SHO1_SLA1(SH3_3)_DHFR[12],5,21,A,Pbs2
3,12,SLA1_DHFR[12],5,23,A,Pbs2
3,13,SHO1_HOF1_DHFR[12],5,25,A,Pbs2
3,14,SHO1_STUFFED_DHFR[12],5,27,A,Pbs2
3,15,BEM1_DHFR[12],5,29,A,Pbs2
3,16,border,5,31,A,Pbs2
4,1,border,7,1,A,Pbs2
4,2,PEX13_DHFR[12],7,3,A,Pbs2
4,3,SHO1_RVS167_DHFR[12],7,5,A,Pbs2
4,4,HSE1_DHFR[12],7,7,A,Pbs2
4,5,BOI2_DHFR[12],7,9,A,Pbs2
4,6,HSE1_DHFR[12],7,11,A,Pbs2
4,7,FUS1_DHFR[12],7,13,A,Pbs2
4,8,HOF1_DHFR[12],7,15,A,Pbs2
4,9,HSE1_DHFR[12],7,17,A,Pbs2
4,10,FUS1_DHFR[12],7,19,A,Pbs2
4,11,SHO1_BBC1_DHFR[12],7,21,A,Pbs2
4,12,SHO1_SLA1(SH3_3)_DHFR[12],7,23,A,Pbs2
4,13,SHO1_BZZ1(SH3_1)_DHFR[12],7,25,A,Pbs2
4,14,BOI1_DHFR[12],7,27,A,Pbs2
4,15,ABP1_DHFR[12],7,29,A,Pbs2
4,16,border,7,31,A,Pbs2
5,1,border,9,1,A,Pbs2
5,2,BEM1_DHFR[12],9,3,A,Pbs2
5,3,SHO1_HOF1_DHFR[12],9,5,A,Pbs2
5,4,SDC25_17W_DHFR[12],9,7,A,Pbs2
5,5,SHO1_STUFFED_DHFR[12],9,9,A,Pbs2
5,6,SHO1_BUD14_DHFR[12],9,11,A,Pbs2
5,7,SHO1_SHO1_DHFR[12],9,13,A,Pbs2
5,8,SHO1_CDC25_DHFR[12],9,15,A,Pbs2
5,9,SHO1_MYO3_DHFR[12],9,17,A,Pbs2
5,10,SHO1_BBC1_DHFR[12],9,19,A,Pbs2
5,11,SHO1_DHFR[12],9,21,A,Pbs2
5,12,SHO1_CYK3_DHFR[12],9,23,A,Pbs2
5,13,SHO1_MYO5_DHFR[12],9,25,A,Pbs2
5,14,SHO1_BEM1(SH3_1)_DHFR[12],9,27,A,Pbs2
5,15,YSC84_DHFR[12],9,29,A,Pbs2
5,16,border,9,31,A,Pbs2
6,1,border,11,1,A,Pbs2
6,2,CDC25_DHFR[12],11,3,A,Pbs2
6,3,LSB3_DHFR[12],11,5,A,Pbs2
6,4,YSC84_DHFR[12],11,7,A,Pbs2
6,5,MYO3_DHFR[12],11,9,A,Pbs2
6,6,SHO1_YSC84_DHFR[12],11,11,A,Pbs2
6,7,SHO1_MYO5_DHFR[12],11,13,A,Pbs2
6,8,SHO1_BOI2_DHFR[12],11,15,A,Pbs2
6,9,SDC25_17W_DHFR[12],11,17,A,Pbs2
6,10,BOI2_DHFR[12],11,19,A,Pbs2
6,11,SHO1_MYO3_DHFR[12],11,21,A,Pbs2
6,12,PEX13_DHFR[12],11,23,A,Pbs2
6,13,SHO1_LSB3_DHFR[12],11,25,A,Pbs2
6,14,SHO1_SLA1(SH3_1)_DHFR[12],11,27,A,Pbs2
6,15,SHO1_FUS1_DHFR[12],11,29,A,Pbs2
6,16,border,11,31,A,Pbs2
7,1,border,13,1,A,Pbs2
7,2,SHO1_BZZ1(SH3_2)_DHFR[12],13,3,A,Pbs2
7,3,SHO1_BEM1(SH3_1)_DHFR[12],13,5,A,Pbs2
7,4,SHO1_DHFR[12],13,7,A,Pbs2
7,5,SHO1_ABP1_DHFR[12],13,9,A,Pbs2
7,6,SHO1_BOI2_DHFR[12],13,11,A,Pbs2
7,7,SHO1_SLA1(SH3_2)_DHFR[12],13,13,A,Pbs2
7,8,SHO1_LSB1_DHFR[12],13,15,A,Pbs2
7,9,SHO1_MYO3_DHFR[12],13,17,A,Pbs2
7,10,PIN3_DHFR[12],13,19,A,Pbs2
7,11,SHO1_HOF1_DHFR[12],13,21,A,Pbs2
7,12,ABP1_DHFR[12],13,23,A,Pbs2
7,13,CYK3_DHFR[12],13,25,A,Pbs2
7,14,SHO1_CDC25_DHFR[12],13,27,A,Pbs2
7,15,RVS167_DHFR[12],13,29,A,Pbs2
7,16,border,13,31,A,Pbs2
8,1,border,15,1,A,Pbs2
8,2,ABP1_DHFR[12],15,3,A,Pbs2
8,3,SHO1_MYO3_DHFR[12],15,5,A,Pbs2
8,4,YSC84_DHFR[12],15,7,A,Pbs2
8,5,SHO1_LSB1_DHFR[12],15,9,A,Pbs2
8,6,SHO1_SHO1_DHFR[12],15,11,A,Pbs2
8,7,BBC1_DHFR[12],15,13,A,Pbs2
8,8,SHO1_SDC25_17W_DHFR[12],15,15,A,Pbs2
8,9,SHO1_SDC25_17W_DHFR[12],15,17,A,Pbs2
8,10,SHO1_YSC84_DHFR[12],15,19,A,Pbs2
8,11,LSB3_DHFR[12],15,21,A,Pbs2
8,12,SHO1_BZZ1(SH3_1)_DHFR[12],15,23,A,Pbs2
8,13,PEX13_DHFR[12],15,25,A,Pbs2
8,14,SHO1_BOI1_DHFR[12],15,27,A,Pbs2
8,15,SHO1_CYK3_DHFR[12],15,29,A,Pbs2
8,16,border,15,31,A,Pbs2
9,1,border,17,1,A,Pbs2
9,2,SHO1_BEM1(SH3_1)_DHFR[12],17,3,A,Pbs2
9,3,PIN3_DHFR[12],17,5,A,Pbs2
9,4,SHO1_CYK3_DHFR[12],17,7,A,Pbs2
9,5,SHO1_SLA1(SH3_2)_DHFR[12],17,9,A,Pbs2
9,6,SHO1_BOI1_DHFR[12],17,11,A,Pbs2
9,7,SHO1_SLA1(SH3_1)_DHFR[12],17,13,A,Pbs2
9,8,SHO1_BBC1_DHFR[12],17,15,A,Pbs2
9,9,SHO1_PIN3_DHFR[12],17,17,A,Pbs2
9,10,SHO1_STUFFED_DHFR[12],17,19,A,Pbs2
9,11,LSB1_DHFR[12],17,21,A,Pbs2
9,12,SHO1_BEM1(SH3_1)_DHFR[12],17,23,A,Pbs2
9,13,SHO1_CDC25_DHFR[12],17,25,A,Pbs2
9,14,MYO3_DHFR[12],17,27,A,Pbs2
9,15,SHO1_PEX13_DHFR[12],17,29,A,Pbs2
9,16,border,17,31,A,Pbs2
10,1,border,19,1,A,Pbs2
10,2,SHO1_PIN3_DHFR[12],19,3,A,Pbs2
10,3,YSC84_DHFR[12],19,5,A,Pbs2
10,4,MYO3_DHFR[12],19,7,A,Pbs2
10,5,SHO1_SDC25_17W_DHFR[12],19,9,A,Pbs2
10,6,SHO1_PIN3_DHFR[12],19,11,A,Pbs2
10,7,CYK3_DHFR[12],19,13,A,Pbs2
10,8,SHO1_BUD14_DHFR[12],19,15,A,Pbs2
10,9,SHO1_BZZ1(SH3_1)_DHFR[12],19,17,A,Pbs2
10,10,HSE1_DHFR[12],19,19,A,Pbs2
10,11,SHO1_PEX13_DHFR[12],19,21,A,Pbs2
10,12,HOF1_DHFR[12],19,23,A,Pbs2
10,13,SHO1_BEM1(SH3_2)_DHFR[12],19,25,A,Pbs2
10,14,BZZ1_DHFR[12],19,27,A,Pbs2
10,15,SHO1_MYO3_DHFR[12],19,29,A,Pbs2
10,16,border,19,31,A,Pbs2
11,1,border,21,1,A,Pbs2
11,2,SHO1_LSB1_DHFR[12],21,3,A,Pbs2
11,3,PEX13_DHFR[12],21,5,A,Pbs2
11,4,SHO1_BZZ1(SH3_2)_DHFR[12],21,7,A,Pbs2
11,5,SLA1_DHFR[12],21,9,A,Pbs2
11,6,SHO1_BBC1_DHFR[12],21,11,A,Pbs2
11,7,BZZ1_DHFR[12],21,13,A,Pbs2
11,8,BUD14_DHFR[12],21,15,A,Pbs2
11,9,YSC84_DHFR[12],21,17,A,Pbs2
11,10,SHO1_MYO3_DHFR[12],21,19,A,Pbs2
11,11,PIN3_DHFR[12],21,21,A,Pbs2
11,12,MYO5_DHFR[12],21,23,A,Pbs2
11,13,SHO1_PIN3_DHFR[12],21,25,A,Pbs2
11,14,SHO1_PIN3_DHFR[12],21,27,A,Pbs2
11,15,SHO1_LSB3_DHFR[12],21,29,A,Pbs2
11,16,border,21,31,A,Pbs2
12,1,border,23,1,A,Pbs2
12,2,SHO1_BBC1_DHFR[12],23,3,A,Pbs2
12,3,PIN3_DHFR[12],23,5,A,Pbs2
12,4,SHO1_SLA1(SH3_3)_DHFR[12],23,7,A,Pbs2
12,5,SHO1_FUS1_DHFR[12],23,9,A,Pbs2
12,6,SHO1_NBP2_DHFR[12],23,11,A,Pbs2
12,7,BBC1_DHFR[12],23,13,A,Pbs2
12,8,SHO1_HSE1_DHFR[12],23,15,A,Pbs2
12,9,SHO1_RVS167_DHFR[12],23,17,A,Pbs2
12,10,LSB3_DHFR[12],23,19,A,Pbs2
12,11,SHO1_HSE1_DHFR[12],23,21,A,Pbs2
12,12,YSC84_DHFR[12],23,23,A,Pbs2
12,13,SHO1_CDC25_DHFR[12],23,25,A,Pbs2
12,14,SHO1_DHFR[12],23,27,A,Pbs2
12,15,SHO1_SDC25_17W_DHFR[12],23,29,A,Pbs2
12,16,border,23,31,A,Pbs2
13,1,border,25,1,A,Pbs2
13,2,BEM1_DHFR[12],25,3,A,Pbs2
13,3,SHO1_BOI1_DHFR[12],25,5,A,Pbs2
13,4,SDC25_17W_DHFR[12],25,7,A,Pbs2
13,5,BZZ1_DHFR[12],25,9,A,Pbs2
13,6,LSB1_DHFR[12],25,11,A,Pbs2
13,7,SHO1_BOI2_DHFR[12],25,13,A,Pbs2
13,8,BEM1_DHFR[12],25,15,A,Pbs2
13,9,NBP2_DHFR[12],25,17,A,Pbs2
13,10,SHO1_BOI1_DHFR[12],25,19,A,Pbs2
13,11,HOF1_DHFR[12],25,21,A,Pbs2
13,12,SHO1_PEX13_DHFR[12],25,23,A,Pbs2
13,13,SHO1_BUD14_DHFR[12],25,25,A,Pbs2
13,14,SHO1_YSC84_DHFR[12],25,27,A,Pbs2
13,15,SHO1_HSE1_DHFR[12],25,29,A,Pbs2
13,16,border,25,31,A,Pbs2
14,1,border,27,1,A,Pbs2
14,2,SHO1_BEM1(SH3_1)_DHFR[12],27,3,A,Pbs2
14,3,SHO1_LSB3_DHFR[12],27,5,A,Pbs2
14,4,SHO1_YSC84_DHFR[12],27,7,A,Pbs2
14,5,SHO1_HSE1_DHFR[12],27,9,A,Pbs2
14,6,BEM1_DHFR[12],27,11,A,Pbs2
14,7,SHO1_BOI2_DHFR[12],27,13,A,Pbs2
14,8,BUD14_DHFR[12],27,15,A,Pbs2
14,9,SLA1_DHFR[12],27,17,A,Pbs2
14,10,SHO1_BUD14_DHFR[12],27,19,A,Pbs2
14,11,BUD14_DHFR[12],27,21,A,Pbs2
14,12,SHO1_YSC84_DHFR[12],27,23,A,Pbs2
14,13,SHO1_BOI1_DHFR[12],27,25,A,Pbs2
14,14,CDC25_DHFR[12],27,27,A,Pbs2
14,15,SHO1_BZZ1(SH3_1)_DHFR[12],27,29,A,Pbs2
14,16,border,27,31,A,Pbs2
15,1,border,29,1,A,Pbs2
15,2,LSB3_DHFR[12],29,3,A,Pbs2
15,3,SHO1_SLA1(SH3_2)_DHFR[12],29,5,A,Pbs2
15,4,BBC1_DHFR[12],29,7,A,Pbs2
15,5,SHO1_CYK3_DHFR[12],29,9,A,Pbs2
15,6,SHO1_DHFR[12],29,11,A,Pbs2
15,7,SHO1_RVS167_DHFR[12],29,13,A,Pbs2
15,8,SHO1_BEM1(SH3_2)_DHFR[12],29,15,A,Pbs2
15,9,SHO1_ABP1_DHFR[12],29,17,A,Pbs2
15,10,BUD14_DHFR[12],29,19,A,Pbs2
15,11,RVS167_DHFR[12],29,21,A,Pbs2
15,12,SHO1_BZZ1(SH3_2)_DHFR[12],29,23,A,Pbs2
15,13,SHO1_FUS1_DHFR[12],29,25,A,Pbs2
15,14,SHO1_BOI2_DHFR[12],29,27,A,Pbs2
15,15,SDC25_17W_DHFR[12],29,29,A,Pbs2
15,16,border,29,31,A,Pbs2
16,1,border,31,1,A,Pbs2
16,2,SDC25_17W_DHFR[12],31,3,A,Pbs2
16,3,LSB1_DHFR[12],31,5,A,Pbs2
16,4,CDC25_DHFR[12],31,7,A,Pbs2
16,5,RVS167_DHFR[12],31,9,A,Pbs2
16,6,SHO1_BZZ1(SH3_1)_DHFR[12],31,11,A,Pbs2
16,7,SHO1_NBP2_DHFR[12],31,13,A,Pbs2
16,8,SHO1_SHO1_DHFR[12],31,15,A,Pbs2
16,9,SHO1_NBP2_DHFR[12],31,17,A,Pbs2
16,10,CYK3_DHFR[12],31,19,A,Pbs2
16,11,SHO1_MYO5_DHFR[12],31,21,A,Pbs2
16,12,FUS1_DHFR[12],31,23,A,Pbs2
16,13,SHO1_BZZ1(SH3_1)_DHFR[12],31,25,A,Pbs2
16,14,PEX13_DHFR[12],31,27,A,Pbs2
16,15,CYK3_DHFR[12],31,29,A,Pbs2
16,16,border,31,31,A,Pbs2
17,1,border,33,1,A,Pbs2
17,2,SHO1_DHFR[12],33,3,A,Pbs2
17,3,SHO1_RVS167_DHFR[12],33,5,A,Pbs2
17,4,RVS167_DHFR[12],33,7,A,Pbs2
17,5,SHO1_NBP2_DHFR[12],33,9,A,Pbs2
17,6,SHO1_SLA1(SH3_2)_DHFR[12],33,11,A,Pbs2
17,7,SLA1_DHFR[12],33,13,A,Pbs2
17,8,PEX13_DHFR[12],33,15,A,Pbs2
17,9,SHO1_BEM1(SH3_2)_DHFR[12],33,17,A,Pbs2
17,10,MYO5_DHFR[12],33,19,A,Pbs2
17,11,BBC1_DHFR[12],33,21,A,Pbs2
17,12,SHO1_SLA1(SH3_3)_DHFR[12],33,23,A,Pbs2
17,13,PIN3_DHFR[12],33,25,A,Pbs2
17,14,SLA1_DHFR[12],33,27,A,Pbs2
17,15,SHO1_DHFR[12],33,29,A,Pbs2
17,16,border,33,31,A,Pbs2
18,1,border,35,1,A,Pbs2
18,2,SHO1_FUS1_DHFR[12],35,3,A,Pbs2
18,3,SHO1_CDC25_DHFR[12],35,5,A,Pbs2
18,4,SHO1_SDC25_17W_DHFR[12],35,7,A,Pbs2
18,5,BZZ1_DHFR[12],35,9,A,Pbs2
18,6,SHO1_SHO1_DHFR[12],35,11,A,Pbs2
18,7,SHO1_BZZ1(SH3_2)_DHFR[12],35,13,A,Pbs2
18,8,SHO1_CYK3_DHFR[12],35,15,A,Pbs2
18,9,SHO1_LSB3_DHFR[12],35,17,A,Pbs2
18,10,BEM1_DHFR[12],35,19,A,Pbs2
18,11,SHO1_SLA1(SH3_2)_DHFR[12],35,21,A,Pbs2
18,12,SHO1_FUS1_DHFR[12],35,23,A,Pbs2
18,13,SHO1_SDC25_17W_DHFR[12],35,25,A,Pbs2
18,14,SHO1_RVS167_DHFR[12],35,27,A,Pbs2
18,15,FUS1_DHFR[12],35,29,A,Pbs2
18,16,border,35,31,A,Pbs2
19,1,border,37,1,A,Pbs2
19,2,SHO1_STUFFED_DHFR[12],37,3,A,Pbs2
19,3,FUS1_DHFR[12],37,5,A,Pbs2
19,4,CYK3_DHFR[12],37,7,A,Pbs2
19,5,SHO1_BUD14_DHFR[12],37,9,A,Pbs2
19,6,MYO3_DHFR[12],37,11,A,Pbs2
19,7,SHO1_ABP1_DHFR[12],37,13,A,Pbs2
19,8,BOI1_DHFR[12],37,15,A,Pbs2
19,9,SHO1_PEX13_DHFR[12],37,17,A,Pbs2
19,10,SHO1_FUS1_DHFR[12],37,19,A,Pbs2
19,11,NBP2_DHFR[12],37,21,A,Pbs2
19,12,BOI1_DHFR[12],37,23,A,Pbs2
19,13,HOF1_DHFR[12],37,25,A,Pbs2
19,14,SHO1_RVS167_DHFR[12],37,27,A,Pbs2
19,15,BOI1_DHFR[12],37,29,A,Pbs2
19,16,border,37,31,A,Pbs2
20,1,border,39,1,A,Pbs2
20,2,SHO1_MYO5_DHFR[12],39,3,A,Pbs2
20,3,SHO1_STUFFED_DHFR[12],39,5,A,Pbs2
20,4,BOI1_DHFR[12],39,7,A,Pbs2
20,5,CDC25_DHFR[12],39,9,A,Pbs2
20,6,FUS1_DHFR[12],39,11,A,Pbs2
20,7,SHO1_CYK3_DHFR[12],39,13,A,Pbs2
20,8,BOI2_DHFR[12],39,15,A,Pbs2
20,9,ABP1_DHFR[12],39,17,A,Pbs2
20,10,NBP2_DHFR[12],39,19,A,Pbs2
20,11,HOF1_DHFR[12],39,21,A,Pbs2
20,12,SHO1_SHO1_DHFR[12],39,23,A,Pbs2
20,13,SHO1_HOF1_DHFR[12],39,25,A,Pbs2
20,14,SHO1_LSB3_DHFR[12],39,27,A,Pbs2
20,15,NBP2_DHFR[12],39,29,A,Pbs2
20,16,border,39,31,A,Pbs2
21,1,border,41,1,A,Pbs2
21,2,SHO1_SLA1(SH3_1)_DHFR[12],41,3,A,Pbs2
21,3,SDC25_17W_DHFR[12],41,5,A,Pbs2
21,4,SHO1_SLA1(SH3_2)_DHFR[12],41,7,A,Pbs2
21,5,MYO3_DHFR[12],41,9,A,Pbs2
21,6,BBC1_DHFR[12],41,11,A,Pbs2
21,7,BOI1_DHFR[12],41,13,A,Pbs2
21,8,MYO5_DHFR[12],41,15,A,Pbs2
21,9,BBC1_DHFR[12],41,17,A,Pbs2
21,10,SHO1_HOF1_DHFR[12],41,19,A,Pbs2
21,11,MYO5_DHFR[12],41,21,A,Pbs2
21,12,BOI2_DHFR[12],41,23,A,Pbs2
21,13,SHO1_PEX13_DHFR[12],41,25,A,Pbs2
21,14,SHO1_BZZ1(SH3_2)_DHFR[12],41,27,A,Pbs2
21,15,BZZ1_DHFR[12],41,29,A,Pbs2
21,16,border,41,31,A,Pbs2
22,1,border,43,1,A,Pbs2
22,2,ABP1_DHFR[12],43,3,A,Pbs2
22,3,SLA1_DHFR[12],43,5,A,Pbs2
22,4,SHO1_SLA1(SH3_1)_DHFR[12],43,7,A,Pbs2
22,5,SHO1_BEM1(SH3_2)_DHFR[12],43,9,A,Pbs2
22,6,MYO5_DHFR[12],43,11,A,Pbs2
22,7,SHO1_HSE1_DHFR[12],43,13,A,Pbs2
22,8,SHO1_CDC25_DHFR[12],43,15,A,Pbs2
22,9,RVS167_DHFR[12],43,17,A,Pbs2
22,10,BUD14_DHFR[12],43,19,A,Pbs2
22,11,SHO1_BEM1(SH3_2)_DHFR[12],43,21,A,Pbs2
22,12,SHO1_LSB1_DHFR[12],43,23,A,Pbs2
22,13,SHO1_SLA1(SH3_3)_DHFR[12],43,25,A,Pbs2
22,14,SHO1_LSB3_DHFR[12],43,27,A,Pbs2
22,15,SHO1_STUFFED_DHFR[12],43,29,A,Pbs2
22,16,border,43,31,A,Pbs2
23,1,border,45,1,A,Pbs2
23,2,LSB1_DHFR[12],45,3,A,Pbs2
23,3,SHO1_SHO1_DHFR[12],45,5,A,Pbs2
23,4,MYO5_DHFR[12],45,7,A,Pbs2
23,5,HSE1_DHFR[12],45,9,A,Pbs2
23,6,SHO1_BOI1_DHFR[12],45,11,A,Pbs2
23,7,SHO1_SLA1(SH3_1)_DHFR[12],45,13,A,Pbs2
23,8,SHO1_BUD14_DHFR[12],45,15,A,Pbs2
23,9,SHO1_NBP2_DHFR[12],45,17,A,Pbs2
23,10,SHO1_YSC84_DHFR[12],45,19,A,Pbs2
23,11,SHO1_BBC1_DHFR[12],45,21,A,Pbs2
23,12,MYO3_DHFR[12],45,23,A,Pbs2
23,13,CDC25_DHFR[12],45,25,A,Pbs2
23,14,LSB3_DHFR[12],45,27,A,Pbs2
23,15,SHO1_BEM1(SH3_2)_DHFR[12],45,29,A,Pbs2
23,16,border,45,31,A,Pbs2
24,1,border,47,1,A,Pbs2
24,2,border,47,3,A,Pbs2
24,3,border,47,5,A,Pbs2
24,4,border,47,7,A,Pbs2
24,5,border,47,9,A,Pbs2
24,6,border,47,11,A,Pbs2
24,7,border,47,13,A,Pbs2
24,8,border,47,15,A,Pbs2
24,9,border,47,17,A,Pbs2
24,10,border,47,19,A,Pbs2
24,11,border,47,21,A,Pbs2
24,12,border,47,23,A,Pbs2
24,13,border,47,25,A,Pbs2
24,14,border,47,27,A,Pbs2
24,15,border,47,29,A,Pbs2
24,16,border,47,31,A,Pbs2
1,1,border,2,1,B,Pbs2
1,2,border,2,3,B,Pbs2
1,3,border,2,5,B,Pbs2
1,4,border,2,7,B,Pbs2
1,5,border,2,9,B,Pbs2
1,6,border,2,11,B,Pbs2
1,7,border,2,13,B,Pbs2
1,8,border,2,15,B,Pbs2
1,9,border,2,17,B,Pbs2
1,10,border,2,19,B,Pbs2
1,11,border,2,21,B,Pbs2
1,12,border,2,23,B,Pbs2
1,13,border,2,25,B,Pbs2
1,14,border,2,27,B,Pbs2
1,15,border,2,29,B,Pbs2
1,16,border,2,31,B,Pbs2
2,1,border,4,1,B,Pbs2
2,2,LSB1_DHFR[12],4,3,B,Pbs2
2,3,BOI2_DHFR[12],4,5,B,Pbs2
2,4,RVS167_DHFR[12],4,7,B,Pbs2
2,5,HSE1_DHFR[12],4,9,B,Pbs2
2,6,SHO1_PEX13_DHFR[12],4,11,B,Pbs2
2,7,NBP2_DHFR[12],4,13,B,Pbs2
2,8,CDC25_DHFR[12],4,15,B,Pbs2
2,9,SHO1_NBP2_DHFR[12],4,17,B,Pbs2
2,10,BZZ1_DHFR[12],4,19,B,Pbs2
2,11,ABP1_DHFR[12],4,21,B,Pbs2
2,12,SHO1_ABP1_DHFR[12],4,23,B,Pbs2
2,13,LSB1_DHFR[12],4,25,B,Pbs2
2,14,SHO1_ABP1_DHFR[12],4,27,B,Pbs2
2,15,SHO1_SLA1(SH3_3)_DHFR[12],4,29,B,Pbs2
2,16,border,4,31,B,Pbs2
3,1,border,6,1,B,Pbs2
3,2,SHO1_LSB1_DHFR[12],6,3,B,Pbs2
3,3,SHO1_ABP1_DHFR[12],6,5,B,Pbs2
3,4,PIN3_DHFR[12],6,7,B,Pbs2
3,5,SHO1_HSE1_DHFR[12],6,9,B,Pbs2
3,6,LSB3_DHFR[12],6,11,B,Pbs2
3,7,NBP2_DHFR[12],6,13,B,Pbs2
3,8,SHO1_MYO5_DHFR[12],6,15,B,Pbs2
3,9,CYK3_DHFR[12],6,17,B,Pbs2
3,10,SHO1_SLA1(SH3_1)_DHFR[12],6,19,B,Pbs2
3,11,SHO1_SLA1(SH3_3)_DHFR[12],6,21,B,Pbs2
3,12,SLA1_DHFR[12],6,23,B,Pbs2
3,13,SHO1_HOF1_DHFR[12],6,25,B,Pbs2
3,14,SHO1_STUFFED_DHFR[12],6,27,B,Pbs2
3,15,BEM1_DHFR[12],6,29,B,Pbs2
3,16,border,6,31,B,Pbs2
4,1,border,8,1,B,Pbs2
4,2,PEX13_DHFR[12],8,3,B,Pbs2
4,3,SHO1_RVS167_DHFR[12],8,5,B,Pbs2
4,4,HSE1_DHFR[12],8,7,B,Pbs2
4,5,BOI2_DHFR[12],8,9,B,Pbs2
4,6,HSE1_DHFR[12],8,11,B,Pbs2
4,7,FUS1_DHFR[12],8,13,B,Pbs2
4,8,HOF1_DHFR[12],8,15,B,Pbs2
4,9,HSE1_DHFR[12],8,17,B,Pbs2
4,10,FUS1_DHFR[12],8,19,B,Pbs2
4,11,SHO1_BBC1_DHFR[12],8,21,B,Pbs2
4,12,SHO1_SLA1(SH3_3)_DHFR[12],8,23,B,Pbs2
4,13,SHO1_BZZ1(SH3_1)_DHFR[12],8,25,B,Pbs2
4,14,BOI1_DHFR[12],8,27,B,Pbs2
4,15,ABP1_DHFR[12],8,29,B,Pbs2
4,16,border,8,31,B,Pbs2
5,1,border,10,1,B,Pbs2
5,2,BEM1_DHFR[12],10,3,B,Pbs2
5,3,SHO1_HOF1_DHFR[12],10,5,B,Pbs2
5,4,SDC25_17W_DHFR[12],10,7,B,Pbs2
5,5,SHO1_STUFFED_DHFR[12],10,9,B,Pbs2
5,6,SHO1_BUD14_DHFR[12],10,11,B,Pbs2
5,7,SHO1_SHO1_DHFR[12],10,13,B,Pbs2
5,8,SHO1_CDC25_DHFR[12],10,15,B,Pbs2
5,9,SHO1_MYO3_DHFR[12],10,17,B,Pbs2
5,10,SHO1_BBC1_DHFR[12],10,19,B,Pbs2
5,11,SHO1_DHFR[12],10,21,B,Pbs2
5,12,SHO1_CYK3_DHFR[12],10,23,B,Pbs2
5,13,SHO1_MYO5_DHFR[12],10,25,B,Pbs2
5,14,SHO1_BEM1(SH3_1)_DHFR[12],10,27,B,Pbs2
5,15,YSC84_DHFR[12],10,29,B,Pbs2
5,16,border,10,31,B,Pbs2
6,1,border,12,1,B,Pbs2
6,2,CDC25_DHFR[12],12,3,B,Pbs2
6,3,LSB3_DHFR[12],12,5,B,Pbs2
6,4,YSC84_DHFR[12],12,7,B,Pbs2
6,5,MYO3_DHFR[12],12,9,B,Pbs2
6,6,SHO1_YSC84_DHFR[12],12,11,B,Pbs2
6,7,SHO1_MYO5_DHFR[12],12,13,B,Pbs2
6,8,SHO1_BOI2_DHFR[12],12,15,B,Pbs2
6,9,SDC25_17W_DHFR[12],12,17,B,Pbs2
6,10,BOI2_DHFR[12],12,19,B,Pbs2
6,11,SHO1_MYO3_DHFR[12],12,21,B,Pbs2
6,12,PEX13_DHFR[12],12,23,B,Pbs2
6,13,SHO1_LSB3_DHFR[12],12,25,B,Pbs2
6,14,SHO1_SLA1(SH3_1)_DHFR[12],12,27,B,Pbs2
6,15,SHO1_FUS1_DHFR[12],12,29,B,Pbs2
6,16,border,12,31,B,Pbs2
7,1,border,14,1,B,Pbs2
7,2,SHO1_BZZ1(SH3_2)_DHFR[12],14,3,B,Pbs2
7,3,SHO1_BEM1(SH3_1)_DHFR[12],14,5,B,Pbs2
7,4,SHO1_DHFR[12],14,7,B,Pbs2
7,5,SHO1_ABP1_DHFR[12],14,9,B,Pbs2
7,6,SHO1_BOI2_DHFR[12],14,11,B,Pbs2
7,7,SHO1_SLA1(SH3_2)_DHFR[12],14,13,B,Pbs2
7,8,SHO1_LSB1_DHFR[12],14,15,B,Pbs2
7,9,SHO1_MYO3_DHFR[12],14,17,B,Pbs2
7,10,PIN3_DHFR[12],14,19,B,Pbs2
7,11,SHO1_HOF1_DHFR[12],14,21,B,Pbs2
7,12,ABP1_DHFR[12],14,23,B,Pbs2
7,13,CYK3_DHFR[12],14,25,B,Pbs2
7,14,SHO1_CDC25_DHFR[12],14,27,B,Pbs2
7,15,RVS167_DHFR[12],14,29,B,Pbs2
7,16,border,14,31,B,Pbs2
8,1,border,16,1,B,Pbs2
8,2,ABP1_DHFR[12],16,3,B,Pbs2
8,3,SHO1_MYO3_DHFR[12],16,5,B,Pbs2
8,4,YSC84_DHFR[12],16,7,B,Pbs2
8,5,SHO1_LSB1_DHFR[12],16,9,B,Pbs2
8,6,SHO1_SHO1_DHFR[12],16,11,B,Pbs2
8,7,BBC1_DHFR[12],16,13,B,Pbs2
8,8,SHO1_SDC25_17W_DHFR[12],16,15,B,Pbs2
8,9,SHO1_SDC25_17W_DHFR[12],16,17,B,Pbs2
8,10,SHO1_YSC84_DHFR[12],16,19,B,Pbs2
8,11,LSB3_DHFR[12],16,21,B,Pbs2
8,12,SHO1_BZZ1(SH3_1)_DHFR[12],16,23,B,Pbs2
8,13,PEX13_DHFR[12],16,25,B,Pbs2
8,14,SHO1_BOI1_DHFR[12],16,27,B,Pbs2
8,15,SHO1_CYK3_DHFR[12],16,29,B,Pbs2
8,16,border,16,31,B,Pbs2
9,1,border,18,1,B,Pbs2
9,2,SHO1_BEM1(SH3_1)_DHFR[12],18,3,B,Pbs2
9,3,PIN3_DHFR[12],18,5,B,Pbs2
9,4,SHO1_CYK3_DHFR[12],18,7,B,Pbs2
9,5,SHO1_SLA1(SH3_2)_DHFR[12],18,9,B,Pbs2
9,6,SHO1_BOI1_DHFR[12],18,11,B,Pbs2
9,7,SHO1_SLA1(SH3_1)_DHFR[12],18,13,B,Pbs2
9,8,SHO1_BBC1_DHFR[12],18,15,B,Pbs2
9,9,SHO1_PIN3_DHFR[12],18,17,B,Pbs2
9,10,SHO1_STUFFED_DHFR[12],18,19,B,Pbs2
9,11,LSB1_DHFR[12],18,21,B,Pbs2
9,12,SHO1_BEM1(SH3_1)_DHFR[12],18,23,B,Pbs2
9,13,SHO1_CDC25_DHFR[12],18,25,B,Pbs2
9,14,MYO3_DHFR[12],18,27,B,Pbs2
9,15,SHO1_PEX13_DHFR[12],18,29,B,Pbs2
9,16,border,18,31,B,Pbs2
10,1,border,20,1,B,Pbs2
10,2,SHO1_PIN3_DHFR[12],20,3,B,Pbs2
10,3,YSC84_DHFR[12],20,5,B,Pbs2
10,4,MYO3_DHFR[12],20,7,B,Pbs2
10,5,SHO1_SDC25_17W_DHFR[12],20,9,B,Pbs2
10,6,SHO1_PIN3_DHFR[12],20,11,B,Pbs2
10,7,CYK3_DHFR[12],20,13,B,Pbs2
10,8,SHO1_BUD14_DHFR[12],20,15,B,Pbs2
10,9,SHO1_BZZ1(SH3_1)_DHFR[12],20,17,B,Pbs2
10,10,HSE1_DHFR[12],20,19,B,Pbs2
10,11,SHO1_PEX13_DHFR[12],20,21,B,Pbs2
10,12,HOF1_DHFR[12],20,23,B,Pbs2
10,13,SHO1_BEM1(SH3_2)_DHFR[12],20,25,B,Pbs2
10,14,BZZ1_DHFR[12],20,27,B,Pbs2
10,15,SHO1_MYO3_DHFR[12],20,29,B,Pbs2
10,16,border,20,31,B,Pbs2
11,1,border,22,1,B,Pbs2
11,2,SHO1_LSB1_DHFR[12],22,3,B,Pbs2
11,3,PEX13_DHFR[12],22,5,B,Pbs2
11,4,SHO1_BZZ1(SH3_2)_DHFR[12],22,7,B,Pbs2
11,5,SLA1_DHFR[12],22,9,B,Pbs2
11,6,SHO1_BBC1_DHFR[12],22,11,B,Pbs2
11,7,BZZ1_DHFR[12],22,13,B,Pbs2
11,8,BUD14_DHFR[12],22,15,B,Pbs2
11,9,YSC84_DHFR[12],22,17,B,Pbs2
11,10,SHO1_MYO3_DHFR[12],22,19,B,Pbs2
11,11,PIN3_DHFR[12],22,21,B,Pbs2
11,12,MYO5_DHFR[12],22,23,B,Pbs2
11,13,SHO1_PIN3_DHFR[12],22,25,B,Pbs2
11,14,SHO1_PIN3_DHFR[12],22,27,B,Pbs2
11,15,SHO1_LSB3_DHFR[12],22,29,B,Pbs2
11,16,border,22,31,B,Pbs2
12,1,border,24,1,B,Pbs2
12,2,SHO1_BBC1_DHFR[12],24,3,B,Pbs2
12,3,PIN3_DHFR[12],24,5,B,Pbs2
12,4,SHO1_SLA1(SH3_3)_DHFR[12],24,7,B,Pbs2
12,5,SHO1_FUS1_DHFR[12],24,9,B,Pbs2
12,6,SHO1_NBP2_DHFR[12],24,11,B,Pbs2
12,7,BBC1_DHFR[12],24,13,B,Pbs2
12,8,SHO1_HSE1_DHFR[12],24,15,B,Pbs2
12,9,SHO1_RVS167_DHFR[12],24,17,B,Pbs2
12,10,LSB3_DHFR[12],24,19,B,Pbs2
12,11,SHO1_HSE1_DHFR[12],24,21,B,Pbs2
12,12,YSC84_DHFR[12],24,23,B,Pbs2
12,13,SHO1_CDC25_DHFR[12],24,25,B,Pbs2
12,14,SHO1_DHFR[12],24,27,B,Pbs2
12,15,SHO1_SDC25_17W_DHFR[12],24,29,B,Pbs2
12,16,border,24,31,B,Pbs2
13,1,border,26,1,B,Pbs2
13,2,BEM1_DHFR[12],26,3,B,Pbs2
13,3,SHO1_BOI1_DHFR[12],26,5,B,Pbs2
13,4,SDC25_17W_DHFR[12],26,7,B,Pbs2
13,5,BZZ1_DHFR[12],26,9,B,Pbs2
13,6,LSB1_DHFR[12],26,11,B,Pbs2
13,7,SHO1_BOI2_DHFR[12],26,13,B,Pbs2
13,8,BEM1_DHFR[12],26,15,B,Pbs2
13,9,NBP2_DHFR[12],26,17,B,Pbs2
13,10,SHO1_BOI1_DHFR[12],26,19,B,Pbs2
13,11,HOF1_DHFR[12],26,21,B,Pbs2
13,12,SHO1_PEX13_DHFR[12],26,23,B,Pbs2
13,13,SHO1_BUD14_DHFR[12],26,25,B,Pbs2
13,14,SHO1_YSC84_DHFR[12],26,27,B,Pbs2
13,15,SHO1_HSE1_DHFR[12],26,29,B,Pbs2
13,16,border,26,31,B,Pbs2
14,1,border,28,1,B,Pbs2
14,2,SHO1_BEM1(SH3_1)_DHFR[12],28,3,B,Pbs2
14,3,SHO1_LSB3_DHFR[12],28,5,B,Pbs2
14,4,SHO1_YSC84_DHFR[12],28,7,B,Pbs2
14,5,SHO1_HSE1_DHFR[12],28,9,B,Pbs2
14,6,BEM1_DHFR[12],28,11,B,Pbs2
14,7,SHO1_BOI2_DHFR[12],28,13,B,Pbs2
14,8,BUD14_DHFR[12],28,15,B,Pbs2
14,9,SLA1_DHFR[12],28,17,B,Pbs2
14,10,SHO1_BUD14_DHFR[12],28,19,B,Pbs2
14,11,BUD14_DHFR[12],28,21,B,Pbs2
14,12,SHO1_YSC84_DHFR[12],28,23,B,Pbs2
14,13,SHO1_BOI1_DHFR[12],28,25,B,Pbs2
14,14,CDC25_DHFR[12],28,27,B,Pbs2
14,15,SHO1_BZZ1(SH3_1)_DHFR[12],28,29,B,Pbs2
14,16,border,28,31,B,Pbs2
15,1,border,30,1,B,Pbs2
15,2,LSB3_DHFR[12],30,3,B,Pbs2
15,3,SHO1_SLA1(SH3_2)_DHFR[12],30,5,B,Pbs2
15,4,BBC1_DHFR[12],30,7,B,Pbs2
15,5,SHO1_CYK3_DHFR[12],30,9,B,Pbs2
15,6,SHO1_DHFR[12],30,11,B,Pbs2
15,7,SHO1_RVS167_DHFR[12],30,13,B,Pbs2
15,8,SHO1_BEM1(SH3_2)_DHFR[12],30,15,B,Pbs2
15,9,SHO1_ABP1_DHFR[12],30,17,B,Pbs2
15,10,BUD14_DHFR[12],30,19,B,Pbs2
15,11,RVS167_DHFR[12],30,21,B,Pbs2
15,12,SHO1_BZZ1(SH3_2)_DHFR[12],30,23,B,Pbs2
15,13,SHO1_FUS1_DHFR[12],30,25,B,Pbs2
15,14,SHO1_BOI2_DHFR[12],30,27,B,Pbs2
15,15,SDC25_17W_DHFR[12],30,29,B,Pbs2
15,16,border,30,31,B,Pbs2
16,1,border,32,1,B,Pbs2
16,2,SDC25_17W_DHFR[12],32,3,B,Pbs2
16,3,LSB1_DHFR[12],32,5,B,Pbs2
16,4,CDC25_DHFR[12],32,7,B,Pbs2
16,5,RVS167_DHFR[12],32,9,B,Pbs2
16,6,SHO1_BZZ1(SH3_1)_DHFR[12],32,11,B,Pbs2
16,7,SHO1_NBP2_DHFR[12],32,13,B,Pbs2
16,8,SHO1_SHO1_DHFR[12],32,15,B,Pbs2
16,9,SHO1_NBP2_DHFR[12],32,17,B,Pbs2
16,10,CYK3_DHFR[12],32,19,B,Pbs2
16,11,SHO1_MYO5_DHFR[12],32,21,B,Pbs2
16,12,FUS1_DHFR[12],32,23,B,Pbs2
16,13,SHO1_BZZ1(SH3_1)_DHFR[12],32,25,B,Pbs2
16,14,PEX13_DHFR[12],32,27,B,Pbs2
16,15,CYK3_DHFR[12],32,29,B,Pbs2
16,16,border,32,31,B,Pbs2
17,1,border,34,1,B,Pbs2
17,2,SHO1_DHFR[12],34,3,B,Pbs2
17,3,SHO1_RVS167_DHFR[12],34,5,B,Pbs2
17,4,RVS167_DHFR[12],34,7,B,Pbs2
17,5,SHO1_NBP2_DHFR[12],34,9,B,Pbs2
17,6,SHO1_SLA1(SH3_2)_DHFR[12],34,11,B,Pbs2
17,7,SLA1_DHFR[12],34,13,B,Pbs2
17,8,PEX13_DHFR[12],34,15,B,Pbs2
17,9,SHO1_BEM1(SH3_2)_DHFR[12],34,17,B,Pbs2
17,10,MYO5_DHFR[12],34,19,B,Pbs2
17,11,BBC1_DHFR[12],34,21,B,Pbs2
17,12,SHO1_SLA1(SH3_3)_DHFR[12],34,23,B,Pbs2
17,13,PIN3_DHFR[12],34,25,B,Pbs2
17,14,SLA1_DHFR[12],34,27,B,Pbs2
17,15,SHO1_DHFR[12],34,29,B,Pbs2
17,16,border,34,31,B,Pbs2
18,1,border,36,1,B,Pbs2
18,2,SHO1_FUS1_DHFR[12],36,3,B,Pbs2
18,3,SHO1_CDC25_DHFR[12],36,5,B,Pbs2
18,4,SHO1_SDC25_17W_DHFR[12],36,7,B,Pbs2
18,5,BZZ1_DHFR[12],36,9,B,Pbs2
18,6,SHO1_SHO1_DHFR[12],36,11,B,Pbs2
18,7,SHO1_BZZ1(SH3_2)_DHFR[12],36,13,B,Pbs2
18,8,SHO1_CYK3_DHFR[12],36,15,B,Pbs2
18,9,SHO1_LSB3_DHFR[12],36,17,B,Pbs2
18,10,BEM1_DHFR[12],36,19,B,Pbs2
18,11,SHO1_SLA1(SH3_2)_DHFR[12],36,21,B,Pbs2
18,12,SHO1_FUS1_DHFR[12],36,23,B,Pbs2
18,13,SHO1_SDC25_17W_DHFR[12],36,25,B,Pbs2
18,14,SHO1_RVS167_DHFR[12],36,27,B,Pbs2
18,15,FUS1_DHFR[12],36,29,B,Pbs2
18,16,border,36,31,B,Pbs2
19,1,border,38,1,B,Pbs2
19,2,SHO1_STUFFED_DHFR[12],38,3,B,Pbs2
19,3,FUS1_DHFR[12],38,5,B,Pbs2
19,4,CYK3_DHFR[12],38,7,B,Pbs2
19,5,SHO1_BUD14_DHFR[12],38,9,B,Pbs2
19,6,MYO3_DHFR[12],38,11,B,Pbs2
19,7,SHO1_ABP1_DHFR[12],38,13,B,Pbs2
19,8,BOI1_DHFR[12],38,15,B,Pbs2
19,9,SHO1_PEX13_DHFR[12],38,17,B,Pbs2
19,10,SHO1_FUS1_DHFR[12],38,19,B,Pbs2
19,11,NBP2_DHFR[12],38,21,B,Pbs2
19,12,BOI1_DHFR[12],38,23,B,Pbs2
19,13,HOF1_DHFR[12],38,25,B,Pbs2
19,14,SHO1_RVS167_DHFR[12],38,27,B,Pbs2
19,15,BOI1_DHFR[12],38,29,B,Pbs2
19,16,border,38,31,B,Pbs2
20,1,border,40,1,B,Pbs2
20,2,SHO1_MYO5_DHFR[12],40,3,B,Pbs2
20,3,SHO1_STUFFED_DHFR[12],40,5,B,Pbs2
20,4,BOI1_DHFR[12],40,7,B,Pbs2
20,5,CDC25_DHFR[12],40,9,B,Pbs2
20,6,FUS1_DHFR[12],40,11,B,Pbs2
20,7,SHO1_CYK3_DHFR[12],40,13,B,Pbs2
20,8,BOI2_DHFR[12],40,15,B,Pbs2
20,9,ABP1_DHFR[12],40,17,B,Pbs2
20,10,NBP2_DHFR[12],40,19,B,Pbs2
20,11,HOF1_DHFR[12],40,21,B,Pbs2
20,12,SHO1_SHO1_DHFR[12],40,23,B,Pbs2
20,13,SHO1_HOF1_DHFR[12],40,25,B,Pbs2
20,14,SHO1_LSB3_DHFR[12],40,27,B,Pbs2
20,15,NBP2_DHFR[12],40,29,B,Pbs2
20,16,border,40,31,B,Pbs2
21,1,border,42,1,B,Pbs2
21,2,SHO1_SLA1(SH3_1)_DHFR[12],42,3,B,Pbs2
21,3,SDC25_17W_DHFR[12],42,5,B,Pbs2
21,4,SHO1_SLA1(SH3_2)_DHFR[12],42,7,B,Pbs2
21,5,MYO3_DHFR[12],42,9,B,Pbs2
21,6,BBC1_DHFR[12],42,11,B,Pbs2
21,7,BOI1_DHFR[12],42,13,B,Pbs2
21,8,MYO5_DHFR[12],42,15,B,Pbs2
21,9,BBC1_DHFR[12],42,17,B,Pbs2
21,10,SHO1_HOF1_DHFR[12],42,19,B,Pbs2
21,11,MYO5_DHFR[12],42,21,B,Pbs2
21,12,BOI2_DHFR[12],42,23,B,Pbs2
21,13,SHO1_PEX13_DHFR[12],42,25,B,Pbs2
21,14,SHO1_BZZ1(SH3_2)_DHFR[12],42,27,B,Pbs2
21,15,BZZ1_DHFR[12],42,29,B,Pbs2
21,16,border,42,31,B,Pbs2
22,1,border,44,1,B,Pbs2
22,2,ABP1_DHFR[12],44,3,B,Pbs2
22,3,SLA1_DHFR[12],44,5,B,Pbs2
22,4,SHO1_SLA1(SH3_1)_DHFR[12],44,7,B,Pbs2
22,5,SHO1_BEM1(SH3_2)_DHFR[12],44,9,B,Pbs2
22,6,MYO5_DHFR[12],44,11,B,Pbs2
22,7,SHO1_HSE1_DHFR[12],44,13,B,Pbs2
22,8,SHO1_CDC25_DHFR[12],44,15,B,Pbs2
22,9,RVS167_DHFR[12],44,17,B,Pbs2
22,10,BUD14_DHFR[12],44,19,B,Pbs2
22,11,SHO1_BEM1(SH3_2)_DHFR[12],44,21,B,Pbs2
22,12,SHO1_LSB1_DHFR[12],44,23,B,Pbs2
22,13,SHO1_SLA1(SH3_3)_DHFR[12],44,25,B,Pbs2
22,14,SHO1_LSB3_DHFR[12],44,27,B,Pbs2
22,15,SHO1_STUFFED_DHFR[12],44,29,B,Pbs2
22,16,border,44,31,B,Pbs2
23,1,border,46,1,B,Pbs2
23,2,LSB1_DHFR[12],46,3,B,Pbs2
23,3,SHO1_SHO1_DHFR[12],46,5,B,Pbs2
23,4,MYO5_DHFR[12],46,7,B,Pbs2
23,5,HSE1_DHFR[12],46,9,B,Pbs2
23,6,SHO1_BOI1_DHFR[12],46,11,B,Pbs2
23,7,SHO1_SLA1(SH3_1)_DHFR[12],46,13,B,Pbs2
23,8,SHO1_BUD14_DHFR[12],46,15,B,Pbs2
23,9,SHO1_NBP2_DHFR[12],46,17,B,Pbs2
23,10,SHO1_YSC84_DHFR[12],46,19,B,Pbs2
23,11,SHO1_BBC1_DHFR[12],46,21,B,Pbs2
23,12,MYO3_DHFR[12],46,23,B,Pbs2
23,13,CDC25_DHFR[12],46,25,B,Pbs2
23,14,LSB3_DHFR[12],46,27,B,Pbs2
23,15,SHO1_BEM1(SH3_2)_DHFR[12],46,29,B,Pbs2
23,16,border,46,31,B,Pbs2
24,1,border,48,1,B,Pbs2
24,2,border,48,3,B,Pbs2
24,3,border,48,5,B,Pbs2
24,4,border,48,7,B,Pbs2
24,5,border,48,9,B,Pbs2
24,6,border,48,11,B,Pbs2
24,7,border,48,13,B,Pbs2
24,8,border,48,15,B,Pbs2
24,9,border,48,17,B,Pbs2
24,10,border,48,19,B,Pbs2
24,11,border,48,21,B,Pbs2
24,12,border,48,23,B,Pbs2
24,13,border,48,25,B,Pbs2
24,14,border,48,27,B,Pbs2
24,15,border,48,29,B,Pbs2
24,16,border,48,31,B,Pbs2
1,1,border,1,2,C,Pbs2
1,2,border,1,4,C,Pbs2
1,3,border,1,6,C,Pbs2
1,4,border,1,8,C,Pbs2
1,5,border,1,10,C,Pbs2
1,6,border,1,12,C,Pbs2
1,7,border,1,14,C,Pbs2
1,8,border,1,16,C,Pbs2
1,9,border,1,18,C,Pbs2
1,10,border,1,20,C,Pbs2
1,11,border,1,22,C,Pbs2
1,12,border,1,24,C,Pbs2
1,13,border,1,26,C,Pbs2
1,14,border,1,28,C,Pbs2
1,15,border,1,30,C,Pbs2
1,16,border,1,32,C,Pbs2
2,1,border,3,2,C,Pbs2
2,2,LSB1_DHFR[12],3,4,C,Pbs2
2,3,BOI2_DHFR[12],3,6,C,Pbs2
2,4,RVS167_DHFR[12],3,8,C,Pbs2
2,5,HSE1_DHFR[12],3,10,C,Pbs2
2,6,SHO1_PEX13_DHFR[12],3,12,C,Pbs2
2,7,NBP2_DHFR[12],3,14,C,Pbs2
2,8,CDC25_DHFR[12],3,16,C,Pbs2
2,9,SHO1_NBP2_DHFR[12],3,18,C,Pbs2
2,10,BZZ1_DHFR[12],3,20,C,Pbs2
2,11,ABP1_DHFR[12],3,22,C,Pbs2
2,12,SHO1_ABP1_DHFR[12],3,24,C,Pbs2
2,13,LSB1_DHFR[12],3,26,C,Pbs2
2,14,SHO1_ABP1_DHFR[12],3,28,C,Pbs2
2,15,SHO1_SLA1(SH3_3)_DHFR[12],3,30,C,Pbs2
2,16,border,3,32,C,Pbs2
3,1,border,5,2,C,Pbs2
3,2,SHO1_LSB1_DHFR[12],5,4,C,Pbs2
3,3,SHO1_ABP1_DHFR[12],5,6,C,Pbs2
3,4,PIN3_DHFR[12],5,8,C,Pbs2
3,5,SHO1_HSE1_DHFR[12],5,10,C,Pbs2
3,6,LSB3_DHFR[12],5,12,C,Pbs2
3,7,NBP2_DHFR[12],5,14,C,Pbs2
3,8,SHO1_MYO5_DHFR[12],5,16,C,Pbs2
3,9,CYK3_DHFR[12],5,18,C,Pbs2
3,10,SHO1_SLA1(SH3_1)_DHFR[12],5,20,C,Pbs2
3,11,SHO1_SLA1(SH3_3)_DHFR[12],5,22,C,Pbs2
3,12,SLA1_DHFR[12],5,24,C,Pbs2
3,13,SHO1_HOF1_DHFR[12],5,26,C,Pbs2
3,14,SHO1_STUFFED_DHFR[12],5,28,C,Pbs2
3,15,BEM1_DHFR[12],5,30,C,Pbs2
3,16,border,5,32,C,Pbs2
4,1,border,7,2,C,Pbs2
4,2,PEX13_DHFR[12],7,4,C,Pbs2
4,3,SHO1_RVS167_DHFR[12],7,6,C,Pbs2
4,4,HSE1_DHFR[12],7,8,C,Pbs2
4,5,BOI2_DHFR[12],7,10,C,Pbs2
4,6,HSE1_DHFR[12],7,12,C,Pbs2
4,7,FUS1_DHFR[12],7,14,C,Pbs2
4,8,HOF1_DHFR[12],7,16,C,Pbs2
4,9,HSE1_DHFR[12],7,18,C,Pbs2
4,10,FUS1_DHFR[12],7,20,C,Pbs2
4,11,SHO1_BBC1_DHFR[12],7,22,C,Pbs2
4,12,SHO1_SLA1(SH3_3)_DHFR[12],7,24,C,Pbs2
4,13,SHO1_BZZ1(SH3_1)_DHFR[12],7,26,C,Pbs2
4,14,BOI1_DHFR[12],7,28,C,Pbs2
4,15,ABP1_DHFR[12],7,30,C,Pbs2
4,16,border,7,32,C,Pbs2
5,1,border,9,2,C,Pbs2
5,2,BEM1_DHFR[12],9,4,C,Pbs2
5,3,SHO1_HOF1_DHFR[12],9,6,C,Pbs2
5,4,SDC25_17W_DHFR[12],9,8,C,Pbs2
5,5,SHO1_STUFFED_DHFR[12],9,10,C,Pbs2
5,6,SHO1_BUD14_DHFR[12],9,12,C,Pbs2
5,7,SHO1_SHO1_DHFR[12],9,14,C,Pbs2
5,8,SHO1_CDC25_DHFR[12],9,16,C,Pbs2
5,9,SHO1_MYO3_DHFR[12],9,18,C,Pbs2
5,10,SHO1_BBC1_DHFR[12],9,20,C,Pbs2
5,11,SHO1_DHFR[12],9,22,C,Pbs2
5,12,SHO1_CYK3_DHFR[12],9,24,C,Pbs2
5,13,SHO1_MYO5_DHFR[12],9,26,C,Pbs2
5,14,SHO1_BEM1(SH3_1)_DHFR[12],9,28,C,Pbs2
5,15,YSC84_DHFR[12],9,30,C,Pbs2
5,16,border,9,32,C,Pbs2
6,1,border,11,2,C,Pbs2
6,2,CDC25_DHFR[12],11,4,C,Pbs2
6,3,LSB3_DHFR[12],11,6,C,Pbs2
6,4,YSC84_DHFR[12],11,8,C,Pbs2
6,5,MYO3_DHFR[12],11,10,C,Pbs2
6,6,SHO1_YSC84_DHFR[12],11,12,C,Pbs2
6,7,SHO1_MYO5_DHFR[12],11,14,C,Pbs2
6,8,SHO1_BOI2_DHFR[12],11,16,C,Pbs2
6,9,SDC25_17W_DHFR[12],11,18,C,Pbs2
6,10,BOI2_DHFR[12],11,20,C,Pbs2
6,11,SHO1_MYO3_DHFR[12],11,22,C,Pbs2
6,12,PEX13_DHFR[12],11,24,C,Pbs2
6,13,SHO1_LSB3_DHFR[12],11,26,C,Pbs2
6,14,SHO1_SLA1(SH3_1)_DHFR[12],11,28,C,Pbs2
6,15,SHO1_FUS1_DHFR[12],11,30,C,Pbs2
6,16,border,11,32,C,Pbs2
7,1,border,13,2,C,Pbs2
7,2,SHO1_BZZ1(SH3_2)_DHFR[12],13,4,C,Pbs2
7,3,SHO1_BEM1(SH3_1)_DHFR[12],13,6,C,Pbs2
7,4,SHO1_DHFR[12],13,8,C,Pbs2
7,5,SHO1_ABP1_DHFR[12],13,10,C,Pbs2
7,6,SHO1_BOI2_DHFR[12],13,12,C,Pbs2
7,7,SHO1_SLA1(SH3_2)_DHFR[12],13,14,C,Pbs2
7,8,SHO1_LSB1_DHFR[12],13,16,C,Pbs2
7,9,SHO1_MYO3_DHFR[12],13,18,C,Pbs2
7,10,PIN3_DHFR[12],13,20,C,Pbs2
7,11,SHO1_HOF1_DHFR[12],13,22,C,Pbs2
7,12,ABP1_DHFR[12],13,24,C,Pbs2
7,13,CYK3_DHFR[12],13,26,C,Pbs2
7,14,SHO1_CDC25_DHFR[12],13,28,C,Pbs2
7,15,RVS167_DHFR[12],13,30,C,Pbs2
7,16,border,13,32,C,Pbs2
8,1,border,15,2,C,Pbs2
8,2,ABP1_DHFR[12],15,4,C,Pbs2
8,3,SHO1_MYO3_DHFR[12],15,6,C,Pbs2
8,4,YSC84_DHFR[12],15,8,C,Pbs2
8,5,SHO1_LSB1_DHFR[12],15,10,C,Pbs2
8,6,SHO1_SHO1_DHFR[12],15,12,C,Pbs2
8,7,BBC1_DHFR[12],15,14,C,Pbs2
8,8,SHO1_SDC25_17W_DHFR[12],15,16,C,Pbs2
8,9,SHO1_SDC25_17W_DHFR[12],15,18,C,Pbs2
8,10,SHO1_YSC84_DHFR[12],15,20,C,Pbs2
8,11,LSB3_DHFR[12],15,22,C,Pbs2
8,12,SHO1_BZZ1(SH3_1)_DHFR[12],15,24,C,Pbs2
8,13,PEX13_DHFR[12],15,26,C,Pbs2
8,14,SHO1_BOI1_DHFR[12],15,28,C,Pbs2
8,15,SHO1_CYK3_DHFR[12],15,30,C,Pbs2
8,16,border,15,32,C,Pbs2
9,1,border,17,2,C,Pbs2
9,2,SHO1_BEM1(SH3_1)_DHFR[12],17,4,C,Pbs2
9,3,PIN3_DHFR[12],17,6,C,Pbs2
9,4,SHO1_CYK3_DHFR[12],17,8,C,Pbs2
9,5,SHO1_SLA1(SH3_2)_DHFR[12],17,10,C,Pbs2
9,6,SHO1_BOI1_DHFR[12],17,12,C,Pbs2
9,7,SHO1_SLA1(SH3_1)_DHFR[12],17,14,C,Pbs2
9,8,SHO1_BBC1_DHFR[12],17,16,C,Pbs2
9,9,SHO1_PIN3_DHFR[12],17,18,C,Pbs2
9,10,SHO1_STUFFED_DHFR[12],17,20,C,Pbs2
9,11,LSB1_DHFR[12],17,22,C,Pbs2
9,12,SHO1_BEM1(SH3_1)_DHFR[12],17,24,C,Pbs2
9,13,SHO1_CDC25_DHFR[12],17,26,C,Pbs2
9,14,MYO3_DHFR[12],17,28,C,Pbs2
9,15,SHO1_PEX13_DHFR[12],17,30,C,Pbs2
9,16,border,17,32,C,Pbs2
10,1,border,19,2,C,Pbs2
10,2,SHO1_PIN3_DHFR[12],19,4,C,Pbs2
10,3,YSC84_DHFR[12],19,6,C,Pbs2
10,4,MYO3_DHFR[12],19,8,C,Pbs2
10,5,SHO1_SDC25_17W_DHFR[12],19,10,C,Pbs2
10,6,SHO1_PIN3_DHFR[12],19,12,C,Pbs2
10,7,CYK3_DHFR[12],19,14,C,Pbs2
10,8,SHO1_BUD14_DHFR[12],19,16,C,Pbs2
10,9,SHO1_BZZ1(SH3_1)_DHFR[12],19,18,C,Pbs2
10,10,HSE1_DHFR[12],19,20,C,Pbs2
10,11,SHO1_PEX13_DHFR[12],19,22,C,Pbs2
10,12,HOF1_DHFR[12],19,24,C,Pbs2
10,13,SHO1_BEM1(SH3_2)_DHFR[12],19,26,C,Pbs2
10,14,BZZ1_DHFR[12],19,28,C,Pbs2
10,15,SHO1_MYO3_DHFR[12],19,30,C,Pbs2
10,16,border,19,32,C,Pbs2
11,1,border,21,2,C,Pbs2
11,2,SHO1_LSB1_DHFR[12],21,4,C,Pbs2
11,3,PEX13_DHFR[12],21,6,C,Pbs2
11,4,SHO1_BZZ1(SH3_2)_DHFR[12],21,8,C,Pbs2
11,5,SLA1_DHFR[12],21,10,C,Pbs2
11,6,SHO1_BBC1_DHFR[12],21,12,C,Pbs2
11,7,BZZ1_DHFR[12],21,14,C,Pbs2
11,8,BUD14_DHFR[12],21,16,C,Pbs2
11,9,YSC84_DHFR[12],21,18,C,Pbs2
11,10,SHO1_MYO3_DHFR[12],21,20,C,Pbs2
11,11,PIN3_DHFR[12],21,22,C,Pbs2
11,12,MYO5_DHFR[12],21,24,C,Pbs2
11,13,SHO1_PIN3_DHFR[12],21,26,C,Pbs2
11,14,SHO1_PIN3_DHFR[12],21,28,C,Pbs2
11,15,SHO1_LSB3_DHFR[12],21,30,C,Pbs2
11,16,border,21,32,C,Pbs2
12,1,border,23,2,C,Pbs2
12,2,SHO1_BBC1_DHFR[12],23,4,C,Pbs2
12,3,PIN3_DHFR[12],23,6,C,Pbs2
12,4,SHO1_SLA1(SH3_3)_DHFR[12],23,8,C,Pbs2
12,5,SHO1_FUS1_DHFR[12],23,10,C,Pbs2
12,6,SHO1_NBP2_DHFR[12],23,12,C,Pbs2
12,7,BBC1_DHFR[12],23,14,C,Pbs2
12,8,SHO1_HSE1_DHFR[12],23,16,C,Pbs2
12,9,SHO1_RVS167_DHFR[12],23,18,C,Pbs2
12,10,LSB3_DHFR[12],23,20,C,Pbs2
12,11,SHO1_HSE1_DHFR[12],23,22,C,Pbs2
12,12,YSC84_DHFR[12],23,24,C,Pbs2
12,13,SHO1_CDC25_DHFR[12],23,26,C,Pbs2
12,14,SHO1_DHFR[12],23,28,C,Pbs2
12,15,SHO1_SDC25_17W_DHFR[12],23,30,C,Pbs2
12,16,border,23,32,C,Pbs2
13,1,border,25,2,C,Pbs2
13,2,BEM1_DHFR[12],25,4,C,Pbs2
13,3,SHO1_BOI1_DHFR[12],25,6,C,Pbs2
13,4,SDC25_17W_DHFR[12],25,8,C,Pbs2
13,5,BZZ1_DHFR[12],25,10,C,Pbs2
13,6,LSB1_DHFR[12],25,12,C,Pbs2
13,7,SHO1_BOI2_DHFR[12],25,14,C,Pbs2
13,8,BEM1_DHFR[12],25,16,C,Pbs2
13,9,NBP2_DHFR[12],25,18,C,Pbs2
13,10,SHO1_BOI1_DHFR[12],25,20,C,Pbs2
13,11,HOF1_DHFR[12],25,22,C,Pbs2
13,12,SHO1_PEX13_DHFR[12],25,24,C,Pbs2
13,13,SHO1_BUD14_DHFR[12],25,26,C,Pbs2
13,14,SHO1_YSC84_DHFR[12],25,28,C,Pbs2
13,15,SHO1_HSE1_DHFR[12],25,30,C,Pbs2
13,16,border,25,32,C,Pbs2
14,1,border,27,2,C,Pbs2
14,2,SHO1_BEM1(SH3_1)_DHFR[12],27,4,C,Pbs2
14,3,SHO1_LSB3_DHFR[12],27,6,C,Pbs2
14,4,SHO1_YSC84_DHFR[12],27,8,C,Pbs2
14,5,SHO1_HSE1_DHFR[12],27,10,C,Pbs2
14,6,BEM1_DHFR[12],27,12,C,Pbs2
14,7,SHO1_BOI2_DHFR[12],27,14,C,Pbs2
14,8,BUD14_DHFR[12],27,16,C,Pbs2
14,9,SLA1_DHFR[12],27,18,C,Pbs2
14,10,SHO1_BUD14_DHFR[12],27,20,C,Pbs2
14,11,BUD14_DHFR[12],27,22,C,Pbs2
14,12,SHO1_YSC84_DHFR[12],27,24,C,Pbs2
14,13,SHO1_BOI1_DHFR[12],27,26,C,Pbs2
14,14,CDC25_DHFR[12],27,28,C,Pbs2
14,15,SHO1_BZZ1(SH3_1)_DHFR[12],27,30,C,Pbs2
14,16,border,27,32,C,Pbs2
15,1,border,29,2,C,Pbs2
15,2,LSB3_DHFR[12],29,4,C,Pbs2
15,3,SHO1_SLA1(SH3_2)_DHFR[12],29,6,C,Pbs2
15,4,BBC1_DHFR[12],29,8,C,Pbs2
15,5,SHO1_CYK3_DHFR[12],29,10,C,Pbs2
15,6,SHO1_DHFR[12],29,12,C,Pbs2
15,7,SHO1_RVS167_DHFR[12],29,14,C,Pbs2
15,8,SHO1_BEM1(SH3_2)_DHFR[12],29,16,C,Pbs2
15,9,SHO1_ABP1_DHFR[12],29,18,C,Pbs2
15,10,BUD14_DHFR[12],29,20,C,Pbs2
15,11,RVS167_DHFR[12],29,22,C,Pbs2
15,12,SHO1_BZZ1(SH3_2)_DHFR[12],29,24,C,Pbs2
15,13,SHO1_FUS1_DHFR[12],29,26,C,Pbs2
15,14,SHO1_BOI2_DHFR[12],29,28,C,Pbs2
15,15,SDC25_17W_DHFR[12],29,30,C,Pbs2
15,16,border,29,32,C,Pbs2
16,1,border,31,2,C,Pbs2
16,2,SDC25_17W_DHFR[12],31,4,C,Pbs2
16,3,LSB1_DHFR[12],31,6,C,Pbs2
16,4,CDC25_DHFR[12],31,8,C,Pbs2
16,5,RVS167_DHFR[12],31,10,C,Pbs2
16,6,SHO1_BZZ1(SH3_1)_DHFR[12],31,12,C,Pbs2
16,7,SHO1_NBP2_DHFR[12],31,14,C,Pbs2
16,8,SHO1_SHO1_DHFR[12],31,16,C,Pbs2
16,9,SHO1_NBP2_DHFR[12],31,18,C,Pbs2
16,10,CYK3_DHFR[12],31,20,C,Pbs2
16,11,SHO1_MYO5_DHFR[12],31,22,C,Pbs2
16,12,FUS1_DHFR[12],31,24,C,Pbs2
16,13,SHO1_BZZ1(SH3_1)_DHFR[12],31,26,C,Pbs2
16,14,PEX13_DHFR[12],31,28,C,Pbs2
16,15,CYK3_DHFR[12],31,30,C,Pbs2
16,16,border,31,32,C,Pbs2
17,1,border,33,2,C,Pbs2
17,2,SHO1_DHFR[12],33,4,C,Pbs2
17,3,SHO1_RVS167_DHFR[12],33,6,C,Pbs2
17,4,RVS167_DHFR[12],33,8,C,Pbs2
17,5,SHO1_NBP2_DHFR[12],33,10,C,Pbs2
17,6,SHO1_SLA1(SH3_2)_DHFR[12],33,12,C,Pbs2
17,7,SLA1_DHFR[12],33,14,C,Pbs2
17,8,PEX13_DHFR[12],33,16,C,Pbs2
17,9,SHO1_BEM1(SH3_2)_DHFR[12],33,18,C,Pbs2
17,10,MYO5_DHFR[12],33,20,C,Pbs2
17,11,BBC1_DHFR[12],33,22,C,Pbs2
17,12,SHO1_SLA1(SH3_3)_DHFR[12],33,24,C,Pbs2
17,13,PIN3_DHFR[12],33,26,C,Pbs2
17,14,SLA1_DHFR[12],33,28,C,Pbs2
17,15,SHO1_DHFR[12],33,30,C,Pbs2
17,16,border,33,32,C,Pbs2
18,1,border,35,2,C,Pbs2
18,2,SHO1_FUS1_DHFR[12],35,4,C,Pbs2
18,3,SHO1_CDC25_DHFR[12],35,6,C,Pbs2
18,4,SHO1_SDC25_17W_DHFR[12],35,8,C,Pbs2
18,5,BZZ1_DHFR[12],35,10,C,Pbs2
18,6,SHO1_SHO1_DHFR[12],35,12,C,Pbs2
18,7,SHO1_BZZ1(SH3_2)_DHFR[12],35,14,C,Pbs2
18,8,SHO1_CYK3_DHFR[12],35,16,C,Pbs2
18,9,SHO1_LSB3_DHFR[12],35,18,C,Pbs2
18,10,BEM1_DHFR[12],35,20,C,Pbs2
18,11,SHO1_SLA1(SH3_2)_DHFR[12],35,22,C,Pbs2
18,12,SHO1_FUS1_DHFR[12],35,24,C,Pbs2
18,13,SHO1_SDC25_17W_DHFR[12],35,26,C,Pbs2
18,14,SHO1_RVS167_DHFR[12],35,28,C,Pbs2
18,15,FUS1_DHFR[12],35,30,C,Pbs2
18,16,border,35,32,C,Pbs2
19,1,border,37,2,C,Pbs2
19,2,SHO1_STUFFED_DHFR[12],37,4,C,Pbs2
19,3,FUS1_DHFR[12],37,6,C,Pbs2
19,4,CYK3_DHFR[12],37,8,C,Pbs2
19,5,SHO1_BUD14_DHFR[12],37,10,C,Pbs2
19,6,MYO3_DHFR[12],37,12,C,Pbs2
19,7,SHO1_ABP1_DHFR[12],37,14,C,Pbs2
19,8,BOI1_DHFR[12],37,16,C,Pbs2
19,9,SHO1_PEX13_DHFR[12],37,18,C,Pbs2
19,10,SHO1_FUS1_DHFR[12],37,20,C,Pbs2
19,11,NBP2_DHFR[12],37,22,C,Pbs2
19,12,BOI1_DHFR[12],37,24,C,Pbs2
19,13,HOF1_DHFR[12],37,26,C,Pbs2
19,14,SHO1_RVS167_DHFR[12],37,28,C,Pbs2
19,15,BOI1_DHFR[12],37,30,C,Pbs2
19,16,border,37,32,C,Pbs2
20,1,border,39,2,C,Pbs2
20,2,SHO1_MYO5_DHFR[12],39,4,C,Pbs2
20,3,SHO1_STUFFED_DHFR[12],39,6,C,Pbs2
20,4,BOI1_DHFR[12],39,8,C,Pbs2
20,5,CDC25_DHFR[12],39,10,C,Pbs2
20,6,FUS1_DHFR[12],39,12,C,Pbs2
20,7,SHO1_CYK3_DHFR[12],39,14,C,Pbs2
20,8,BOI2_DHFR[12],39,16,C,Pbs2
20,9,ABP1_DHFR[12],39,18,C,Pbs2
20,10,NBP2_DHFR[12],39,20,C,Pbs2
20,11,HOF1_DHFR[12],39,22,C,Pbs2
20,12,SHO1_SHO1_DHFR[12],39,24,C,Pbs2
20,13,SHO1_HOF1_DHFR[12],39,26,C,Pbs2
20,14,SHO1_LSB3_DHFR[12],39,28,C,Pbs2
20,15,NBP2_DHFR[12],39,30,C,Pbs2
20,16,border,39,32,C,Pbs2
21,1,border,41,2,C,Pbs2
21,2,SHO1_SLA1(SH3_1)_DHFR[12],41,4,C,Pbs2
21,3,SDC25_17W_DHFR[12],41,6,C,Pbs2
21,4,SHO1_SLA1(SH3_2)_DHFR[12],41,8,C,Pbs2
21,5,MYO3_DHFR[12],41,10,C,Pbs2
21,6,BBC1_DHFR[12],41,12,C,Pbs2
21,7,BOI1_DHFR[12],41,14,C,Pbs2
21,8,MYO5_DHFR[12],41,16,C,Pbs2
21,9,BBC1_DHFR[12],41,18,C,Pbs2
21,10,SHO1_HOF1_DHFR[12],41,20,C,Pbs2
21,11,MYO5_DHFR[12],41,22,C,Pbs2
21,12,BOI2_DHFR[12],41,24,C,Pbs2
21,13,SHO1_PEX13_DHFR[12],41,26,C,Pbs2
21,14,SHO1_BZZ1(SH3_2)_DHFR[12],41,28,C,Pbs2
21,15,BZZ1_DHFR[12],41,30,C,Pbs2
21,16,border,41,32,C,Pbs2
22,1,border,43,2,C,Pbs2
22,2,ABP1_DHFR[12],43,4,C,Pbs2
22,3,SLA1_DHFR[12],43,6,C,Pbs2
22,4,SHO1_SLA1(SH3_1)_DHFR[12],43,8,C,Pbs2
22,5,SHO1_BEM1(SH3_2)_DHFR[12],43,10,C,Pbs2
22,6,MYO5_DHFR[12],43,12,C,Pbs2
22,7,SHO1_HSE1_DHFR[12],43,14,C,Pbs2
22,8,SHO1_CDC25_DHFR[12],43,16,C,Pbs2
22,9,RVS167_DHFR[12],43,18,C,Pbs2
22,10,BUD14_DHFR[12],43,20,C,Pbs2
22,11,SHO1_BEM1(SH3_2)_DHFR[12],43,22,C,Pbs2
22,12,SHO1_LSB1_DHFR[12],43,24,C,Pbs2
22,13,SHO1_SLA1(SH3_3)_DHFR[12],43,26,C,Pbs2
22,14,SHO1_LSB3_DHFR[12],43,28,C,Pbs2
22,15,SHO1_STUFFED_DHFR[12],43,30,C,Pbs2
22,16,border,43,32,C,Pbs2
23,1,border,45,2,C,Pbs2
23,2,LSB1_DHFR[12],45,4,C,Pbs2
23,3,SHO1_SHO1_DHFR[12],45,6,C,Pbs2
23,4,MYO5_DHFR[12],45,8,C,Pbs2
23,5,HSE1_DHFR[12],45,10,C,Pbs2
23,6,SHO1_BOI1_DHFR[12],45,12,C,Pbs2
23,7,SHO1_SLA1(SH3_1)_DHFR[12],45,14,C,Pbs2
23,8,SHO1_BUD14_DHFR[12],45,16,C,Pbs2
23,9,SHO1_NBP2_DHFR[12],45,18,C,Pbs2
23,10,SHO1_YSC84_DHFR[12],45,20,C,Pbs2
23,11,SHO1_BBC1_DHFR[12],45,22,C,Pbs2
23,12,MYO3_DHFR[12],45,24,C,Pbs2
23,13,CDC25_DHFR[12],45,26,C,Pbs2
23,14,LSB3_DHFR[12],45,28,C,Pbs2
23,15,SHO1_BEM1(SH3_2)_DHFR[12],45,30,C,Pbs2
23,16,border,45,32,C,Pbs2
24,1,border,47,2,C,Pbs2
24,2,border,47,4,C,Pbs2
24,3,border,47,6,C,Pbs2
24,4,border,47,8,C,Pbs2
24,5,border,47,10,C,Pbs2
24,6,border,47,12,C,Pbs2
24,7,border,47,14,C,Pbs2
24,8,border,47,16,C,Pbs2
24,9,border,47,18,C,Pbs2
24,10,border,47,20,C,Pbs2
24,11,border,47,22,C,Pbs2
24,12,border,47,24,C,Pbs2
24,13,border,47,26,C,Pbs2
24,14,border,47,28,C,Pbs2
24,15,border,47,30,C,Pbs2
24,16,border,47,32,C,Pbs2
1,1,border,2,2,D,Pbs2
1,2,border,2,4,D,Pbs2
1,3,border,2,6,D,Pbs2
1,4,border,2,8,D,Pbs2
1,5,border,2,10,D,Pbs2
1,6,border,2,12,D,Pbs2
1,7,border,2,14,D,Pbs2
1,8,border,2,16,D,Pbs2
1,9,border,2,18,D,Pbs2
1,10,border,2,20,D,Pbs2
1,11,border,2,22,D,Pbs2
1,12,border,2,24,D,Pbs2
1,13,border,2,26,D,Pbs2
1,14,border,2,28,D,Pbs2
1,15,border,2,30,D,Pbs2
1,16,border,2,32,D,Pbs2
2,1,border,4,2,D,Pbs2
2,2,LSB1_DHFR[12],4,4,D,Pbs2
2,3,BOI2_DHFR[12],4,6,D,Pbs2
2,4,RVS167_DHFR[12],4,8,D,Pbs2
2,5,HSE1_DHFR[12],4,10,D,Pbs2
2,6,SHO1_PEX13_DHFR[12],4,12,D,Pbs2
2,7,NBP2_DHFR[12],4,14,D,Pbs2
2,8,CDC25_DHFR[12],4,16,D,Pbs2
2,9,SHO1_NBP2_DHFR[12],4,18,D,Pbs2
2,10,BZZ1_DHFR[12],4,20,D,Pbs2
2,11,ABP1_DHFR[12],4,22,D,Pbs2
2,12,SHO1_ABP1_DHFR[12],4,24,D,Pbs2
2,13,LSB1_DHFR[12],4,26,D,Pbs2
2,14,SHO1_ABP1_DHFR[12],4,28,D,Pbs2
2,15,SHO1_SLA1(SH3_3)_DHFR[12],4,30,D,Pbs2
2,16,border,4,32,D,Pbs2
3,1,border,6,2,D,Pbs2
3,2,SHO1_LSB1_DHFR[12],6,4,D,Pbs2
3,3,SHO1_ABP1_DHFR[12],6,6,D,Pbs2
3,4,PIN3_DHFR[12],6,8,D,Pbs2
3,5,SHO1_HSE1_DHFR[12],6,10,D,Pbs2
3,6,LSB3_DHFR[12],6,12,D,Pbs2
3,7,NBP2_DHFR[12],6,14,D,Pbs2
3,8,SHO1_MYO5_DHFR[12],6,16,D,Pbs2
3,9,CYK3_DHFR[12],6,18,D,Pbs2
3,10,SHO1_SLA1(SH3_1)_DHFR[12],6,20,D,Pbs2
3,11,SHO1_SLA1(SH3_3)_DHFR[12],6,22,D,Pbs2
3,12,SLA1_DHFR[12],6,24,D,Pbs2
3,13,SHO1_HOF1_DHFR[12],6,26,D,Pbs2
3,14,SHO1_STUFFED_DHFR[12],6,28,D,Pbs2
3,15,BEM1_DHFR[12],6,30,D,Pbs2
3,16,border,6,32,D,Pbs2
4,1,border,8,2,D,Pbs2
4,2,PEX13_DHFR[12],8,4,D,Pbs2
4,3,SHO1_RVS167_DHFR[12],8,6,D,Pbs2
4,4,HSE1_DHFR[12],8,8,D,Pbs2
4,5,BOI2_DHFR[12],8,10,D,Pbs2
4,6,HSE1_DHFR[12],8,12,D,Pbs2
4,7,FUS1_DHFR[12],8,14,D,Pbs2
4,8,HOF1_DHFR[12],8,16,D,Pbs2
4,9,HSE1_DHFR[12],8,18,D,Pbs2
4,10,FUS1_DHFR[12],8,20,D,Pbs2
4,11,SHO1_BBC1_DHFR[12],8,22,D,Pbs2
4,12,SHO1_SLA1(SH3_3)_DHFR[12],8,24,D,Pbs2
4,13,SHO1_BZZ1(SH3_1)_DHFR[12],8,26,D,Pbs2
4,14,BOI1_DHFR[12],8,28,D,Pbs2
4,15,ABP1_DHFR[12],8,30,D,Pbs2
4,16,border,8,32,D,Pbs2
5,1,border,10,2,D,Pbs2
5,2,BEM1_DHFR[12],10,4,D,Pbs2
5,3,SHO1_HOF1_DHFR[12],10,6,D,Pbs2
5,4,SDC25_17W_DHFR[12],10,8,D,Pbs2
5,5,SHO1_STUFFED_DHFR[12],10,10,D,Pbs2
5,6,SHO1_BUD14_DHFR[12],10,12,D,Pbs2
5,7,SHO1_SHO1_DHFR[12],10,14,D,Pbs2
5,8,SHO1_CDC25_DHFR[12],10,16,D,Pbs2
5,9,SHO1_MYO3_DHFR[12],10,18,D,Pbs2
5,10,SHO1_BBC1_DHFR[12],10,20,D,Pbs2
5,11,SHO1_DHFR[12],10,22,D,Pbs2
5,12,SHO1_CYK3_DHFR[12],10,24,D,Pbs2
5,13,SHO1_MYO5_DHFR[12],10,26,D,Pbs2
5,14,SHO1_BEM1(SH3_1)_DHFR[12],10,28,D,Pbs2
5,15,YSC84_DHFR[12],10,30,D,Pbs2
5,16,border,10,32,D,Pbs2
6,1,border,12,2,D,Pbs2
6,2,CDC25_DHFR[12],12,4,D,Pbs2
6,3,LSB3_DHFR[12],12,6,D,Pbs2
6,4,YSC84_DHFR[12],12,8,D,Pbs2
6,5,MYO3_DHFR[12],12,10,D,Pbs2
6,6,SHO1_YSC84_DHFR[12],12,12,D,Pbs2
6,7,SHO1_MYO5_DHFR[12],12,14,D,Pbs2
6,8,SHO1_BOI2_DHFR[12],12,16,D,Pbs2
6,9,SDC25_17W_DHFR[12],12,18,D,Pbs2
6,10,BOI2_DHFR[12],12,20,D,Pbs2
6,11,SHO1_MYO3_DHFR[12],12,22,D,Pbs2
6,12,PEX13_DHFR[12],12,24,D,Pbs2
6,13,SHO1_LSB3_DHFR[12],12,26,D,Pbs2
6,14,SHO1_SLA1(SH3_1)_DHFR[12],12,28,D,Pbs2
6,15,SHO1_FUS1_DHFR[12],12,30,D,Pbs2
6,16,border,12,32,D,Pbs2
7,1,border,14,2,D,Pbs2
7,2,SHO1_BZZ1(SH3_2)_DHFR[12],14,4,D,Pbs2
7,3,SHO1_BEM1(SH3_1)_DHFR[12],14,6,D,Pbs2
7,4,SHO1_DHFR[12],14,8,D,Pbs2
7,5,SHO1_ABP1_DHFR[12],14,10,D,Pbs2
7,6,SHO1_BOI2_DHFR[12],14,12,D,Pbs2
7,7,SHO1_SLA1(SH3_2)_DHFR[12],14,14,D,Pbs2
7,8,SHO1_LSB1_DHFR[12],14,16,D,Pbs2
7,9,SHO1_MYO3_DHFR[12],14,18,D,Pbs2
7,10,PIN3_DHFR[12],14,20,D,Pbs2
7,11,SHO1_HOF1_DHFR[12],14,22,D,Pbs2
7,12,ABP1_DHFR[12],14,24,D,Pbs2
7,13,CYK3_DHFR[12],14,26,D,Pbs2
7,14,SHO1_CDC25_DHFR[12],14,28,D,Pbs2
7,15,RVS167_DHFR[12],14,30,D,Pbs2
7,16,border,14,32,D,Pbs2
8,1,border,16,2,D,Pbs2
8,2,ABP1_DHFR[12],16,4,D,Pbs2
8,3,SHO1_MYO3_DHFR[12],16,6,D,Pbs2
8,4,YSC84_DHFR[12],16,8,D,Pbs2
8,5,SHO1_LSB1_DHFR[12],16,10,D,Pbs2
8,6,SHO1_SHO1_DHFR[12],16,12,D,Pbs2
8,7,BBC1_DHFR[12],16,14,D,Pbs2
8,8,SHO1_SDC25_17W_DHFR[12],16,16,D,Pbs2
8,9,SHO1_SDC25_17W_DHFR[12],16,18,D,Pbs2
8,10,SHO1_YSC84_DHFR[12],16,20,D,Pbs2
8,11,LSB3_DHFR[12],16,22,D,Pbs2
8,12,SHO1_BZZ1(SH3_1)_DHFR[12],16,24,D,Pbs2
8,13,PEX13_DHFR[12],16,26,D,Pbs2
8,14,SHO1_BOI1_DHFR[12],16,28,D,Pbs2
8,15,SHO1_CYK3_DHFR[12],16,30,D,Pbs2
8,16,border,16,32,D,Pbs2
9,1,border,18,2,D,Pbs2
9,2,SHO1_BEM1(SH3_1)_DHFR[12],18,4,D,Pbs2
9,3,PIN3_DHFR[12],18,6,D,Pbs2
9,4,SHO1_CYK3_DHFR[12],18,8,D,Pbs2
9,5,SHO1_SLA1(SH3_2)_DHFR[12],18,10,D,Pbs2
9,6,SHO1_BOI1_DHFR[12],18,12,D,Pbs2
9,7,SHO1_SLA1(SH3_1)_DHFR[12],18,14,D,Pbs2
9,8,SHO1_BBC1_DHFR[12],18,16,D,Pbs2
9,9,SHO1_PIN3_DHFR[12],18,18,D,Pbs2
9,10,SHO1_STUFFED_DHFR[12],18,20,D,Pbs2
9,11,LSB1_DHFR[12],18,22,D,Pbs2
9,12,SHO1_BEM1(SH3_1)_DHFR[12],18,24,D,Pbs2
9,13,SHO1_CDC25_DHFR[12],18,26,D,Pbs2
9,14,MYO3_DHFR[12],18,28,D,Pbs2
9,15,SHO1_PEX13_DHFR[12],18,30,D,Pbs2
9,16,border,18,32,D,Pbs2
10,1,border,20,2,D,Pbs2
10,2,SHO1_PIN3_DHFR[12],20,4,D,Pbs2
10,3,YSC84_DHFR[12],20,6,D,Pbs2
10,4,MYO3_DHFR[12],20,8,D,Pbs2
10,5,SHO1_SDC25_17W_DHFR[12],20,10,D,Pbs2
10,6,SHO1_PIN3_DHFR[12],20,12,D,Pbs2
10,7,CYK3_DHFR[12],20,14,D,Pbs2
10,8,SHO1_BUD14_DHFR[12],20,16,D,Pbs2
10,9,SHO1_BZZ1(SH3_1)_DHFR[12],20,18,D,Pbs2
10,10,HSE1_DHFR[12],20,20,D,Pbs2
10,11,SHO1_PEX13_DHFR[12],20,22,D,Pbs2
10,12,HOF1_DHFR[12],20,24,D,Pbs2
10,13,SHO1_BEM1(SH3_2)_DHFR[12],20,26,D,Pbs2
10,14,BZZ1_DHFR[12],20,28,D,Pbs2
10,15,SHO1_MYO3_DHFR[12],20,30,D,Pbs2
10,16,border,20,32,D,Pbs2
11,1,border,22,2,D,Pbs2
11,2,SHO1_LSB1_DHFR[12],22,4,D,Pbs2
11,3,PEX13_DHFR[12],22,6,D,Pbs2
11,4,SHO1_BZZ1(SH3_2)_DHFR[12],22,8,D,Pbs2
11,5,SLA1_DHFR[12],22,10,D,Pbs2
11,6,SHO1_BBC1_DHFR[12],22,12,D,Pbs2
11,7,BZZ1_DHFR[12],22,14,D,Pbs2
11,8,BUD14_DHFR[12],22,16,D,Pbs2
11,9,YSC84_DHFR[12],22,18,D,Pbs2
11,10,SHO1_MYO3_DHFR[12],22,20,D,Pbs2
11,11,PIN3_DHFR[12],22,22,D,Pbs2
11,12,MYO5_DHFR[12],22,24,D,Pbs2
11,13,SHO1_PIN3_DHFR[12],22,26,D,Pbs2
11,14,SHO1_PIN3_DHFR[12],22,28,D,Pbs2
11,15,SHO1_LSB3_DHFR[12],22,30,D,Pbs2
11,16,border,22,32,D,Pbs2
12,1,border,24,2,D,Pbs2
12,2,SHO1_BBC1_DHFR[12],24,4,D,Pbs2
12,3,PIN3_DHFR[12],24,6,D,Pbs2
12,4,SHO1_SLA1(SH3_3)_DHFR[12],24,8,D,Pbs2
12,5,SHO1_FUS1_DHFR[12],24,10,D,Pbs2
12,6,SHO1_NBP2_DHFR[12],24,12,D,Pbs2
12,7,BBC1_DHFR[12],24,14,D,Pbs2
12,8,SHO1_HSE1_DHFR[12],24,16,D,Pbs2
12,9,SHO1_RVS167_DHFR[12],24,18,D,Pbs2
12,10,LSB3_DHFR[12],24,20,D,Pbs2
12,11,SHO1_HSE1_DHFR[12],24,22,D,Pbs2
12,12,YSC84_DHFR[12],24,24,D,Pbs2
12,13,SHO1_CDC25_DHFR[12],24,26,D,Pbs2
12,14,SHO1_DHFR[12],24,28,D,Pbs2
12,15,SHO1_SDC25_17W_DHFR[12],24,30,D,Pbs2
12,16,border,24,32,D,Pbs2
13,1,border,26,2,D,Pbs2
13,2,BEM1_DHFR[12],26,4,D,Pbs2
13,3,SHO1_BOI1_DHFR[12],26,6,D,Pbs2
13,4,SDC25_17W_DHFR[12],26,8,D,Pbs2
13,5,BZZ1_DHFR[12],26,10,D,Pbs2
13,6,LSB1_DHFR[12],26,12,D,Pbs2
13,7,SHO1_BOI2_DHFR[12],26,14,D,Pbs2
13,8,BEM1_DHFR[12],26,16,D,Pbs2
13,9,NBP2_DHFR[12],26,18,D,Pbs2
13,10,SHO1_BOI1_DHFR[12],26,20,D,Pbs2
13,11,HOF1_DHFR[12],26,22,D,Pbs2
13,12,SHO1_PEX13_DHFR[12],26,24,D,Pbs2
13,13,SHO1_BUD14_DHFR[12],26,26,D,Pbs2
13,14,SHO1_YSC84_DHFR[12],26,28,D,Pbs2
13,15,SHO1_HSE1_DHFR[12],26,30,D,Pbs2
13,16,border,26,32,D,Pbs2
14,1,border,28,2,D,Pbs2
14,2,SHO1_BEM1(SH3_1)_DHFR[12],28,4,D,Pbs2
14,3,SHO1_LSB3_DHFR[12],28,6,D,Pbs2
14,4,SHO1_YSC84_DHFR[12],28,8,D,Pbs2
14,5,SHO1_HSE1_DHFR[12],28,10,D,Pbs2
14,6,BEM1_DHFR[12],28,12,D,Pbs2
14,7,SHO1_BOI2_DHFR[12],28,14,D,Pbs2
14,8,BUD14_DHFR[12],28,16,D,Pbs2
14,9,SLA1_DHFR[12],28,18,D,Pbs2
14,10,SHO1_BUD14_DHFR[12],28,20,D,Pbs2
14,11,BUD14_DHFR[12],28,22,D,Pbs2
14,12,SHO1_YSC84_DHFR[12],28,24,D,Pbs2
14,13,SHO1_BOI1_DHFR[12],28,26,D,Pbs2
14,14,CDC25_DHFR[12],28,28,D,Pbs2
14,15,SHO1_BZZ1(SH3_1)_DHFR[12],28,30,D,Pbs2
14,16,border,28,32,D,Pbs2
15,1,border,30,2,D,Pbs2
15,2,LSB3_DHFR[12],30,4,D,Pbs2
15,3,SHO1_SLA1(SH3_2)_DHFR[12],30,6,D,Pbs2
15,4,BBC1_DHFR[12],30,8,D,Pbs2
15,5,SHO1_CYK3_DHFR[12],30,10,D,Pbs2
15,6,SHO1_DHFR[12],30,12,D,Pbs2
15,7,SHO1_RVS167_DHFR[12],30,14,D,Pbs2
15,8,SHO1_BEM1(SH3_2)_DHFR[12],30,16,D,Pbs2
15,9,SHO1_ABP1_DHFR[12],30,18,D,Pbs2
15,10,BUD14_DHFR[12],30,20,D,Pbs2
15,11,RVS167_DHFR[12],30,22,D,Pbs2
15,12,SHO1_BZZ1(SH3_2)_DHFR[12],30,24,D,Pbs2
15,13,SHO1_FUS1_DHFR[12],30,26,D,Pbs2
15,14,SHO1_BOI2_DHFR[12],30,28,D,Pbs2
15,15,SDC25_17W_DHFR[12],30,30,D,Pbs2
15,16,border,30,32,D,Pbs2
16,1,border,32,2,D,Pbs2
16,2,SDC25_17W_DHFR[12],32,4,D,Pbs2
16,3,LSB1_DHFR[12],32,6,D,Pbs2
16,4,CDC25_DHFR[12],32,8,D,Pbs2
16,5,RVS167_DHFR[12],32,10,D,Pbs2
16,6,SHO1_BZZ1(SH3_1)_DHFR[12],32,12,D,Pbs2
16,7,SHO1_NBP2_DHFR[12],32,14,D,Pbs2
16,8,SHO1_SHO1_DHFR[12],32,16,D,Pbs2
16,9,SHO1_NBP2_DHFR[12],32,18,D,Pbs2
16,10,CYK3_DHFR[12],32,20,D,Pbs2
16,11,SHO1_MYO5_DHFR[12],32,22,D,Pbs2
16,12,FUS1_DHFR[12],32,24,D,Pbs2
16,13,SHO1_BZZ1(SH3_1)_DHFR[12],32,26,D,Pbs2
16,14,PEX13_DHFR[12],32,28,D,Pbs2
16,15,CYK3_DHFR[12],32,30,D,Pbs2
16,16,border,32,32,D,Pbs2
17,1,border,34,2,D,Pbs2
17,2,SHO1_DHFR[12],34,4,D,Pbs2
17,3,SHO1_RVS167_DHFR[12],34,6,D,Pbs2
17,4,RVS167_DHFR[12],34,8,D,Pbs2
17,5,SHO1_NBP2_DHFR[12],34,10,D,Pbs2
17,6,SHO1_SLA1(SH3_2)_DHFR[12],34,12,D,Pbs2
17,7,SLA1_DHFR[12],34,14,D,Pbs2
17,8,PEX13_DHFR[12],34,16,D,Pbs2
17,9,SHO1_BEM1(SH3_2)_DHFR[12],34,18,D,Pbs2
17,10,MYO5_DHFR[12],34,20,D,Pbs2
17,11,BBC1_DHFR[12],34,22,D,Pbs2
17,12,SHO1_SLA1(SH3_3)_DHFR[12],34,24,D,Pbs2
17,13,PIN3_DHFR[12],34,26,D,Pbs2
17,14,SLA1_DHFR[12],34,28,D,Pbs2
17,15,SHO1_DHFR[12],34,30,D,Pbs2
17,16,border,34,32,D,Pbs2
18,1,border,36,2,D,Pbs2
18,2,SHO1_FUS1_DHFR[12],36,4,D,Pbs2
18,3,SHO1_CDC25_DHFR[12],36,6,D,Pbs2
18,4,SHO1_SDC25_17W_DHFR[12],36,8,D,Pbs2
18,5,BZZ1_DHFR[12],36,10,D,Pbs2
18,6,SHO1_SHO1_DHFR[12],36,12,D,Pbs2
18,7,SHO1_BZZ1(SH3_2)_DHFR[12],36,14,D,Pbs2
18,8,SHO1_CYK3_DHFR[12],36,16,D,Pbs2
18,9,SHO1_LSB3_DHFR[12],36,18,D,Pbs2
18,10,BEM1_DHFR[12],36,20,D,Pbs2
18,11,SHO1_SLA1(SH3_2)_DHFR[12],36,22,D,Pbs2
18,12,SHO1_FUS1_DHFR[12],36,24,D,Pbs2
18,13,SHO1_SDC25_17W_DHFR[12],36,26,D,Pbs2
18,14,SHO1_RVS167_DHFR[12],36,28,D,Pbs2
18,15,FUS1_DHFR[12],36,30,D,Pbs2
18,16,border,36,32,D,Pbs2
19,1,border,38,2,D,Pbs2
19,2,SHO1_STUFFED_DHFR[12],38,4,D,Pbs2
19,3,FUS1_DHFR[12],38,6,D,Pbs2
19,4,CYK3_DHFR[12],38,8,D,Pbs2
19,5,SHO1_BUD14_DHFR[12],38,10,D,Pbs2
19,6,MYO3_DHFR[12],38,12,D,Pbs2
19,7,SHO1_ABP1_DHFR[12],38,14,D,Pbs2
19,8,BOI1_DHFR[12],38,16,D,Pbs2
19,9,SHO1_PEX13_DHFR[12],38,18,D,Pbs2
19,10,SHO1_FUS1_DHFR[12],38,20,D,Pbs2
19,11,NBP2_DHFR[12],38,22,D,Pbs2
19,12,BOI1_DHFR[12],38,24,D,Pbs2
19,13,HOF1_DHFR[12],38,26,D,Pbs2
19,14,SHO1_RVS167_DHFR[12],38,28,D,Pbs2
19,15,BOI1_DHFR[12],38,30,D,Pbs2
19,16,border,38,32,D,Pbs2
20,1,border,40,2,D,Pbs2
20,2,SHO1_MYO5_DHFR[12],40,4,D,Pbs2
20,3,SHO1_STUFFED_DHFR[12],40,6,D,Pbs2
20,4,BOI1_DHFR[12],40,8,D,Pbs2
20,5,CDC25_DHFR[12],40,10,D,Pbs2
20,6,FUS1_DHFR[12],40,12,D,Pbs2
20,7,SHO1_CYK3_DHFR[12],40,14,D,Pbs2
20,8,BOI2_DHFR[12],40,16,D,Pbs2
20,9,ABP1_DHFR[12],40,18,D,Pbs2
20,10,NBP2_DHFR[12],40,20,D,Pbs2
20,11,HOF1_DHFR[12],40,22,D,Pbs2
20,12,SHO1_SHO1_DHFR[12],40,24,D,Pbs2
20,13,SHO1_HOF1_DHFR[12],40,26,D,Pbs2
20,14,SHO1_LSB3_DHFR[12],40,28,D,Pbs2
20,15,NBP2_DHFR[12],40,30,D,Pbs2
20,16,border,40,32,D,Pbs2
21,1,border,42,2,D,Pbs2
21,2,SHO1_SLA1(SH3_1)_DHFR[12],42,4,D,Pbs2
21,3,SDC25_17W_DHFR[12],42,6,D,Pbs2
21,4,SHO1_SLA1(SH3_2)_DHFR[12],42,8,D,Pbs2
21,5,MYO3_DHFR[12],42,10,D,Pbs2
21,6,BBC1_DHFR[12],42,12,D,Pbs2
21,7,BOI1_DHFR[12],42,14,D,Pbs2
21,8,MYO5_DHFR[12],42,16,D,Pbs2
21,9,BBC1_DHFR[12],42,18,D,Pbs2
21,10,SHO1_HOF1_DHFR[12],42,20,D,Pbs2
21,11,MYO5_DHFR[12],42,22,D,Pbs2
21,12,BOI2_DHFR[12],42,24,D,Pbs2
21,13,SHO1_PEX13_DHFR[12],42,26,D,Pbs2
21,14,SHO1_BZZ1(SH3_2)_DHFR[12],42,28,D,Pbs2
21,15,BZZ1_DHFR[12],42,30,D,Pbs2
21,16,border,42,32,D,Pbs2
22,1,border,44,2,D,Pbs2
22,2,ABP1_DHFR[12],44,4,D,Pbs2
22,3,SLA1_DHFR[12],44,6,D,Pbs2
22,4,SHO1_SLA1(SH3_1)_DHFR[12],44,8,D,Pbs2
22,5,SHO1_BEM1(SH3_2)_DHFR[12],44,10,D,Pbs2
22,6,MYO5_DHFR[12],44,12,D,Pbs2
22,7,SHO1_HSE1_DHFR[12],44,14,D,Pbs2
22,8,SHO1_CDC25_DHFR[12],44,16,D,Pbs2
22,9,RVS167_DHFR[12],44,18,D,Pbs2
22,10,BUD14_DHFR[12],44,20,D,Pbs2
22,11,SHO1_BEM1(SH3_2)_DHFR[12],44,22,D,Pbs2
22,12,SHO1_LSB1_DHFR[12],44,24,D,Pbs2
22,13,SHO1_SLA1(SH3_3)_DHFR[12],44,26,D,Pbs2
22,14,SHO1_LSB3_DHFR[12],44,28,D,Pbs2
22,15,SHO1_STUFFED_DHFR[12],44,30,D,Pbs2
22,16,border,44,32,D,Pbs2
23,1,border,46,2,D,Pbs2
23,2,LSB1_DHFR[12],46,4,D,Pbs2
23,3,SHO1_SHO1_DHFR[12],46,6,D,Pbs2
23,4,MYO5_DHFR[12],46,8,D,Pbs2
23,5,HSE1_DHFR[12],46,10,D,Pbs2
23,6,SHO1_BOI1_DHFR[12],46,12,D,Pbs2
23,7,SHO1_SLA1(SH3_1)_DHFR[12],46,14,D,Pbs2
23,8,SHO1_BUD14_DHFR[12],46,16,D,Pbs2
23,9,SHO1_NBP2_DHFR[12],46,18,D,Pbs2
23,10,SHO1_YSC84_DHFR[12],46,20,D,Pbs2
23,11,SHO1_BBC1_DHFR[12],46,22,D,Pbs2
23,12,MYO3_DHFR[12],46,24,D,Pbs2
23,13,CDC25_DHFR[12],46,26,D,Pbs2
23,14,LSB3_DHFR[12],46,28,D,Pbs2
23,15,SHO1_BEM1(SH3_2)_DHFR[12],46,30,D,Pbs2
23,16,border,46,32,D,Pbs2
24,1,border,48,2,D,Pbs2
24,2,border,48,4,D,Pbs2
24,3,border,48,6,D,Pbs2
24,4,border,48,8,D,Pbs2
24,5,border,48,10,D,Pbs2
24,6,border,48,12,D,Pbs2
24,7,border,48,14,D,Pbs2
24,8,border,48,16,D,Pbs2
24,9,border,48,18,D,Pbs2
24,10,border,48,20,D,Pbs2
24,11,border,48,22,D,Pbs2
24,12,border,48,24,D,Pbs2
24,13,border,48,26,D,Pbs2
24,14,border,48,28,D,Pbs2
24,15,border,48,30,D,Pbs2
24,16,border,48,32,D,Pbs2
