library,file,target,condition,sorbitol,interactor,replicate,demult_read_count,merged_read_count,wt_reads,wt_per_pos,first_selection_final_OD,second_selection_final_OD,plate_primer,date,lib_type,strain_background
24,../Data/surrounding_region_variant_count/library24.csv,Pbs2,S2,0,Sho1,1,975090,975090,141265,2522.589286,NA,NA,B,07_2021,megaprimer,Pbs2-DMS_Pbs2-del
25,../Data/surrounding_region_variant_count/library25.csv,Pbs2,S2,0,Sho1,2,1315523,1315523,163577,2921.017857,NA,NA,B,07_2021,megaprimer,Pbs2-DMS_Pbs2-del
26,../Data/surrounding_region_variant_count/library26.csv,Pbs2,S2,0,Sho1,3,1042089,1042089,125089,2233.732143,NA,NA,B,07_2021,megaprimer,Pbs2-DMS_Pbs2-del
27,../Data/surrounding_region_variant_count/library27.csv,Pbs2,DMSO,1,Sho1,1,1866587,1866587,238631,4261.267857,4.33,3.66,B,07_2021,megaprimer,Pbs2-DMS_Pbs2-del
28,../Data/surrounding_region_variant_count/library28.csv,Pbs2,DMSO,1,Sho1,2,1804642,1804642,232072,4144.142857,3.53,3.76,B,07_2021,megaprimer,Pbs2-DMS_Pbs2-del
29,../Data/surrounding_region_variant_count/library29.csv,Pbs2,DMSO,1,Sho1,3,1684713,1684713,211877,3783.517857,4.04,3.73,B,07_2021,megaprimer,Pbs2-DMS_Pbs2-del
30,../Data/surrounding_region_variant_count/library30.csv,Pbs2,MTX,1,Sho1,1,3431583,3431583,491885,8783.660714,1.76,1.55,B,07_2021,megaprimer,Pbs2-DMS_Pbs2-del
31,../Data/surrounding_region_variant_count/library31.csv,Pbs2,MTX,1,Sho1,2,2561226,2561226,376031,6714.839286,1.71,1.88,B,07_2021,megaprimer,Pbs2-DMS_Pbs2-del
32,../Data/surrounding_region_variant_count/library32.csv,Pbs2,MTX,1,Sho1,3,2067489,2067489,296358,5292.107143,1.6,1.84,B,07_2021,megaprimer,Pbs2-DMS_Pbs2-del
33,../Data/surrounding_region_variant_count/library33.csv,Pbs2,MTX,0,Sho1,1,1091581,1091581,319293,5701.660714,1.71,2.46,B,07_2021,megaprimer,Pbs2-DMS_Pbs2-del
34,../Data/surrounding_region_variant_count/library34.csv,Pbs2,MTX,0,Sho1,2,1230316,1230316,336472,6008.428571,1.83,1.62,B,07_2021,megaprimer,Pbs2-DMS_Pbs2-del
35,../Data/surrounding_region_variant_count/library35.csv,Pbs2,MTX,0,Sho1,3,1643463,1643463,490163,8752.910714,1.79,2.03,B,07_2021,megaprimer,Pbs2-DMS_Pbs2-del
36,../Data/surrounding_region_variant_count/library36.csv,Pbs2,S2,0,Hog1,1,840464,840464,107855,1925.982143,NA,NA,E,07_2021,megaprimer,Pbs2-DMS_Pbs2-del
37,../Data/surrounding_region_variant_count/library37.csv,Pbs2,S2,0,Hog1,2,1482265,1482265,177223,3164.696429,NA,NA,E,07_2021,megaprimer,Pbs2-DMS_Pbs2-del
38,../Data/surrounding_region_variant_count/library38.csv,Pbs2,S2,0,Hog1,3,1363521,1363521,172124,3073.642857,NA,NA,E,07_2021,megaprimer,Pbs2-DMS_Pbs2-del
39,../Data/surrounding_region_variant_count/library39.csv,Pbs2,DMSO,1,Hog1,1,1043369,1043369,141858,2533.178571,4.06,3.49,E,07_2021,megaprimer,Pbs2-DMS_Pbs2-del
40,../Data/surrounding_region_variant_count/library40.csv,Pbs2,DMSO,1,Hog1,2,2270959,2270959,293794,5246.321429,4.02,3.65,E,07_2021,megaprimer,Pbs2-DMS_Pbs2-del
41,../Data/surrounding_region_variant_count/library41.csv,Pbs2,DMSO,1,Hog1,3,1415085,1415085,184376,3292.428571,3.97,3.6,E,07_2021,megaprimer,Pbs2-DMS_Pbs2-del
42,../Data/surrounding_region_variant_count/library42.csv,Pbs2,MTX,1,Hog1,1,1921370,1921370,262374,4685.25,1.5,1.77,E,07_2021,megaprimer,Pbs2-DMS_Pbs2-del
43,../Data/surrounding_region_variant_count/library43.csv,Pbs2,MTX,1,Hog1,2,3398902,3398902,454611,8118.053571,1.63,1.71,E,07_2021,megaprimer,Pbs2-DMS_Pbs2-del
44,../Data/surrounding_region_variant_count/library44.csv,Pbs2,MTX,1,Hog1,3,2105950,2105950,289515,5169.910714,1.58,1.62,E,07_2021,megaprimer,Pbs2-DMS_Pbs2-del
45,../Data/surrounding_region_variant_count/library45.csv,Pbs2,MTX,0,Hog1,1,753351,753351,96588,1724.785714,1.53,0.16,E,07_2021,megaprimer,Pbs2-DMS_Pbs2-del
46,../Data/surrounding_region_variant_count/library46.csv,Pbs2,MTX,0,Hog1,2,1507456,1507456,205475,3669.196429,1.58,0.29,E,07_2021,megaprimer,Pbs2-DMS_Pbs2-del
47,../Data/surrounding_region_variant_count/library47.csv,Pbs2,MTX,0,Hog1,3,1294933,1294933,430630,7689.821429,1.53,0.34,E,07_2021,megaprimer,Pbs2-DMS_Pbs2-del
