well,mutant,None,Hog1,Sho1
A1,WT,1,1,1
B1,I87W,1,1,1
C1,P84Y,0,1,1
D1,S83W,1,1,1
E1,H86P,1,1,1
F1,Q89D,0,1,0
G1,V91C,1,1,1
H1,Q82W,1,0,0
A2,K85W,1,1,1
B2,S83F,1,0,0
C2,V91L,0,0,0
D2,V91A,0,0,0
E2,N92H,1,1,1
F2,N92K,1,0,1
G2,N92S,1,1,1
H2,K93R,1,1,1
A3,P94R,1,1,1
B3,P94S,1,1,1
C3,P94A,1,1,1
D3,L95F,1,1,1
E3,L95M,1,1,1
F3,L95V,1,1,1
G3,P97S,1,1,1
H3,P97A,1,0,1
A4,L98P,1,1,1
B4,L98F,1,1,1
C4,L98V,1,1,1
D4,V100L,1,1,1
E4,V100A,1,1,1
F4,H86W,0,1,0
G4,P94A+P97A,1,1,1
H4,P97F,1,0,1
A5,I90C,1,1,1
B5,P97Q,1,1,1
C5,P99C,1,1,1
D5,V91D,1,1,1
E5,P94Q,1,1,1
F5,P94K,1,1,1
G5,V91P,1,0,1
H5,Q88N,0,0,0
A6,V91*,1,1,1
B6,L98*,1,1,1
C6,N92*,1,1,1
D6,V91V,0,0,0
E6,V100V,1,1,1
F6,L98L,1,1,1
G6,N92Q,1,1,1
H6,K93V,1,1,1
A7,P96W,1,1,1
B7,H86E,0,0,0
C7,V100P,1,1,1
D7,L98S,1,1,1
E7,K93T,1,0,1
F7,P97M,1,1,1
G7,V100I,1,1,1
H7,I87S,0,0,0
A8,I87V,0,1,1
B8,N92T,0,0,0
C8,H86T,0,0,1
D8,K93F,0,0,0
E8,K85A,0,0,0
F8,V100Q,1,1,1
G8,P97W,1,1,1
H8,L95R,1,1,1
A9,V91K,0,0,0
B9,K85E,1,0,1
C9,P96S,1,0,1
D9,Q88W,0,1,0
E9,V91S,0,1,0
F9,N92E,0,0,1
G9,K85S,0,0,1
H9,K85C,1,1,1
A10,Q89R,1,0,1
B10,V100S,1,1,1
C10,L98Y,0,0,1
D10,P97R,0,1,1
E10,V91M,0,0,0
F10,L98A,0,0,1
G10,Q88V,0,0,0
H10,N92L,1,1,0
A11,L98R,1,0,1
B11,K85F,0,1,1
C11,V91E,1,1,0
D11,L95I,1,1,1
E11,K93N,1,1,1
F11,I87L,1,1,1
G11,K93Q,1,1,1
H11,K85K,0,1,1
A12,P94P,1,1,1
B12,P99P,1,1,1
C12,P97P,1,1,1
D12,L95L,1,1,1
